DATE,NASDAQCOM
1/2/97,1280.7
1/3/97,1310.68
1/6/97,1316.4
1/7/97,1327.73
1/8/97,1320.35
1/9/97,1326.2
1/10/97,1332.02
1/13/97,1330.91
1/14/97,1346.36
1/15/97,1333.53
1/16/97,1340.58
1/17/97,1349.05
1/20/97,1364.28
1/21/97,1376.97
1/22/97,1388.06
1/23/97,1378.37
1/24/97,1363.83
1/27/97,1352.81
1/28/97,1354.37
1/29/97,1355.17
1/30/97,1371.02
1/31/97,1379.85
2/3/97,1376.05
2/4/97,1373.75
2/5/97,1348.44
2/6/97,1346.4
2/7/97,1357.71
2/10/97,1335.34
2/11/97,1331.51
2/12/97,1358.96
2/13/97,1370.81
2/14/97,1367.19
2/17/97,.
2/18/97,1365.79
2/19/97,1365.58
2/20/97,1347.4
2/21/97,1334.32
2/24/97,1345.08
2/25/97,1347.69
2/26/97,1340.55
2/27/97,1312.66
2/28/97,1309
3/3/97,1311.18
3/4/97,1317.37
3/5/97,1329.09
3/6/97,1315.43
3/7/97,1311.8
3/10/97,1322.72
3/11/97,1316.76
3/12/97,1304.13
3/13/97,1293.28
3/14/97,1292.97
3/17/97,1279.43
3/18/97,1269.34
3/19/97,1249.29
3/20/97,1259.26
3/21/97,1254.07
3/24/97,1242.64
3/25/97,1248.06
3/26/97,1269.08
3/27/97,1249.51
3/28/97,.
3/31/97,1221.7
4/1/97,1216.93
4/2/97,1201
4/3/97,1213.76
4/4/97,1236.73
4/7/97,1251.35
4/8/97,1257.37
4/9/97,1249.43
4/10/97,1235.77
4/11/97,1206.9
4/14/97,1216.41
4/15/97,1212.88
4/16/97,1210.27
4/17/97,1217.07
4/18/97,1222.57
4/21/97,1203.95
4/22/97,1212.74
4/23/97,1227.14
4/24/97,1228.1
4/25/97,1209.29
4/28/97,1217.03
4/29/97,1242.63
4/30/97,1260.76
5/1/97,1270.5
5/2/97,1305.33
5/5/97,1339.24
5/6/97,1328.3
5/7/97,1322.91
5/8/97,1330.83
5/9/97,1335.05
5/12/97,1344.19
5/13/97,1333.59
5/14/97,1335.55
5/15/97,1353.58
5/16/97,1340.73
5/19/97,1341.24
5/20/97,1363.88
5/21/97,1373.75
5/22/97,1372.6
5/23/97,1389.72
5/26/97,.
5/27/97,1409.21
5/28/97,1410.18
5/29/97,1403.04
5/30/97,1400.32
6/2/97,1404.79
6/3/97,1384.91
6/4/97,1379.67
6/5/97,1390.05
6/6/97,1404.84
6/9/97,1412.04
6/10/97,1401.69
6/11/97,1407.85
6/12/97,1411.32
6/13/97,1423.03
6/16/97,1431.95
6/17/97,1443.11
6/18/97,1432.43
6/19/97,1447.14
6/20/97,1447.1
6/23/97,1434.32
6/24/97,1452.43
6/25/97,1446.24
6/26/97,1436.38
6/27/97,1438.15
6/30/97,1442.07
7/1/97,1438.25
7/2/97,1455.61
7/3/97,1467.61
7/4/97,.
7/7/97,1470.74
7/8/97,1485.1
7/9/97,1486.63
7/10/97,1490.93
7/11/97,1502.62
7/14/97,1523.88
7/15/97,1542.11
7/16/97,1580.63
7/17/97,1568.85
7/18/97,1547.99
7/21/97,1536.23
7/22/97,1563.86
7/23/97,1567.65
7/24/97,1569.13
7/25/97,1569.58
7/28/97,1563.53
7/29/97,1572.32
7/30/97,1588.05
7/31/97,1593.81
8/1/97,1594.33
8/4/97,1605.45
8/5/97,1621.53
8/6/97,1630.44
8/7/97,1624.18
8/8/97,1598.52
8/11/97,1586.74
8/12/97,1576.24
8/13/97,1583.4
8/14/97,1586.69
8/15/97,1562.03
8/18/97,1569.52
8/19/97,1600.71
8/20/97,1628.7
8/21/97,1607.36
8/22/97,1598.69
8/25/97,1601.57
8/26/97,1591.3
8/27/97,1595.54
8/28/97,1581.32
8/29/97,1587.32
9/1/97,.
9/2/97,1618.09
9/3/97,1618.24
9/4/97,1624.63
9/5/97,1635.77
9/8/97,1645.35
9/9/97,1656.22
9/10/97,1639.25
9/11/97,1639.86
9/12/97,1649.33
9/15/97,1634.92
9/16/97,1668.6
9/17/97,1666.47
9/18/97,1670.02
9/19/97,1680.36
9/22/97,1689.45
9/23/97,1697.36
9/24/97,1687.41
9/25/97,1678.89
9/26/97,1682.24
9/29/97,1694.98
9/30/97,1685.69
10/1/97,1690.3
10/2/97,1702.41
10/3/97,1715.87
10/6/97,1721.91
10/7/97,1737.27
10/8/97,1741.77
10/9/97,1745.85
10/10/97,1739.03
10/13/97,1742.12
10/14/97,1732.79
10/15/97,1723.37
10/16/97,1699.66
10/17/97,1666.85
10/20/97,1685.45
10/21/97,1712.54
10/22/97,1708.08
10/23/97,1671.25
10/24/97,1650.92
10/27/97,1535.09
10/28/97,1603.02
10/29/97,1602.75
10/30/97,1570.41
10/31/97,1593.61
11/3/97,1629.98
11/4/97,1631.15
11/5/97,1637.33
11/6/97,1623.44
11/7/97,1602.4
11/10/97,1590.72
11/11/97,1584.86
11/12/97,1541.72
11/13/97,1559.25
11/14/97,1583.51
11/17/97,1614.11
11/18/97,1600.44
11/19/97,1601.22
11/20/97,1626.56
11/21/97,1620.75
11/24/97,1586.99
11/25/97,1589.04
11/26/97,1594.5
11/27/97,.
11/28/97,1600.55
12/1/97,1630.72
12/2/97,1606.37
12/3/97,1615.13
12/4/97,1613.42
12/5/97,1633.9
12/8/97,1651.54
12/9/97,1620.55
12/10/97,1596.61
12/11/97,1558.54
12/12/97,1536.58
12/15/97,1536.56
12/16/97,1553
12/17/97,1547.37
12/18/97,1523.19
12/19/97,1524.74
12/22/97,1532.06
12/23/97,1509.91
12/24/97,1499.53
12/25/97,.
12/26/97,1511.38
12/29/97,1537.45
12/30/97,1565.03
12/31/97,1570.35
1/1/98,.
1/2/98,1581.53
1/5/98,1594.12
1/6/98,1580.14
1/7/98,1561.7
1/8/98,1555.54
1/9/98,1503.22
1/12/98,1507.58
1/13/98,1541.63
1/14/98,1548.76
1/15/98,1547.06
1/16/98,1562.88
1/19/98,.
1/20/98,1590.14
1/21/98,1587.92
1/22/98,1576.51
1/23/98,1575.93
1/26/98,1561.46
1/27/98,1578.9
1/28/98,1610.82
1/29/98,1619.49
1/30/98,1619.36
2/2/98,1652.89
2/3/98,1666.34
2/4/98,1680.44
2/5/98,1676.9
2/6/98,1694.35
2/9/98,1690.43
2/10/98,1709.04
2/11/98,1708.55
2/12/98,1714.34
2/13/98,1710.42
2/16/98,.
2/17/98,1703.43
2/18/98,1715.73
2/19/98,1727.01
2/20/98,1728.13
2/23/98,1751.76
2/24/98,1738.71
2/25/98,1766.48
2/26/98,1777.11
2/27/98,1770.51
3/2/98,1758.54
3/3/98,1757.14
3/4/98,1759.7
3/5/98,1711.92
3/6/98,1753.49
3/9/98,1725.16
3/10/98,1748.51
3/11/98,1756.85
3/12/98,1764.06
3/13/98,1771.66
3/16/98,1788.18
3/17/98,1779.3
3/18/98,1788.28
3/19/98,1799.98
3/20/98,1789.16
3/23/98,1792.51
3/24/98,1812.44
3/25/98,1824.51
3/26/98,1828.54
3/27/98,1823.62
3/30/98,1818.7
3/31/98,1835.68
4/1/98,1847.66
4/2/98,1852.96
4/3/98,1855.4
4/6/98,1829.14
4/7/98,1798.71
4/8/98,1807.01
4/9/98,1820.24
4/10/98,.
4/13/98,1824.95
4/14/98,1843.03
4/15/98,1863.26
4/16/98,1858.24
4/17/98,1866.6
4/20/98,1887.14
4/21/98,1903.87
4/22/98,1917.61
4/23/98,1881.39
4/24/98,1868.96
4/27/98,1820.31
4/28/98,1831.77
4/29/98,1851.64
4/30/98,1868.41
5/1/98,1873.44
5/4/98,1878.86
5/5/98,1864.91
5/6/98,1856.68
5/7/98,1835.14
5/8/98,1864.37
5/11/98,1848.07
5/12/98,1860.16
5/13/98,1866.18
5/14/98,1865.36
5/15/98,1846.77
5/18/98,1831.62
5/19/98,1845.87
5/20/98,1831.75
5/21/98,1820.99
5/22/98,1805
5/25/98,.
5/26/98,1778.09
5/27/98,1781.1
5/28/98,1794.62
5/29/98,1778.87
6/1/98,1746.82
6/2/98,1761.79
6/3/98,1742.31
6/4/98,1769.95
6/5/98,1782.92
6/8/98,1787.77
6/9/98,1800.76
6/10/98,1773.25
6/11/98,1749.75
6/12/98,1745.05
6/15/98,1715.75
6/16/98,1753.12
6/17/98,1776.4
6/18/98,1772.7
6/19/98,1781.29
6/22/98,1805.82
6/23/98,1844.57
6/24/98,1877.76
6/25/98,1863.25
6/26/98,1869.53
6/29/98,1891.08
6/30/98,1894.74
7/1/98,1914.46
7/2/98,1894
7/3/98,.
7/6/98,1909.47
7/7/98,1908.11
7/8/98,1935.39
7/9/98,1939.82
7/10/98,1943.04
7/13/98,1965.53
7/14/98,1968.41
7/15/98,1994.54
7/16/98,2000.56
7/17/98,2008.76
7/20/98,2014.25
7/21/98,1979.14
7/22/98,1969.75
7/23/98,1935.22
7/24/98,1930.99
7/27/98,1933.26
7/28/98,1896.53
7/29/98,1881.49
7/30/98,1919.58
7/31/98,1872.39
8/3/98,1851.1
8/4/98,1785.64
8/5/98,1788.2
8/6/98,1829.51
8/7/98,1846.77
8/10/98,1839.21
8/11/98,1792.7
8/12/98,1825.53
8/13/98,1802.54
8/14/98,1790.19
8/17/98,1818.04
8/18/98,1855.12
8/19/98,1842.69
8/20/98,1832.45
8/21/98,1797.61
8/24/98,1790.82
8/25/98,1798.17
8/26/98,1768.13
8/27/98,1686.41
8/28/98,1639.68
8/31/98,1499.25
9/1/98,1575.09
9/2/98,1592.85
9/3/98,1571.86
9/4/98,1566.52
9/7/98,.
9/8/98,1660.86
9/9/98,1624.55
9/10/98,1585.33
9/11/98,1641.64
9/14/98,1665.69
9/15/98,1678.11
9/16/98,1689.91
9/17/98,1646.25
9/18/98,1663.77
9/21/98,1680.43
9/22/98,1697.8
9/23/98,1760.27
9/24/98,1720.34
9/25/98,1743.59
9/28/98,1739.22
9/29/98,1734.05
9/30/98,1693.84
10/1/98,1612.33
10/2/98,1614.98
10/5/98,1536.69
10/6/98,1510.89
10/7/98,1462.61
10/8/98,1419.12
10/9/98,1492.49
10/12/98,1546.08
10/13/98,1509.45
10/14/98,1540.97
10/15/98,1611.01
10/16/98,1620.95
10/19/98,1648.73
10/20/98,1639.19
10/21/98,1674.75
10/22/98,1702.64
10/23/98,1693.86
10/26/98,1724.98
10/27/98,1717.63
10/28/98,1737.35
10/29/98,1757.19
10/30/98,1771.39
11/2/98,1800.91
11/3/98,1788.43
11/4/98,1823.57
11/5/98,1837.1
11/6/98,1856.56
11/9/98,1861.05
11/10/98,1865.62
11/11/98,1862.11
11/12/98,1851.06
11/13/98,1847.99
11/16/98,1861.68
11/17/98,1878.52
11/18/98,1897.44
11/19/98,1919.68
11/20/98,1928.21
11/23/98,1977.42
11/24/98,1965.88
11/25/98,1985.21
11/26/98,.
11/27/98,2016.44
11/30/98,1949.54
12/1/98,2003.75
12/2/98,1995.21
12/3/98,1954.33
12/4/98,2003.16
12/7/98,2040.64
12/8/98,2034.75
12/9/98,2050.42
12/10/98,2015.96
12/11/98,2029.31
12/14/98,1966.92
12/15/98,2012.6
12/16/98,2009.36
12/17/98,2043.88
12/18/98,2086.14
12/21/98,2138.03
12/22/98,2120.98
12/23/98,2172.54
12/24/98,2163.03
12/25/98,.
12/28/98,2180.3
12/29/98,2181.77
12/30/98,2166.95
12/31/98,2192.69
1/1/99,.
1/4/99,2208.05
1/5/99,2251.27
1/6/99,2320.86
1/7/99,2326.09
1/8/99,2344.41
1/11/99,2384.59
1/12/99,2320.75
1/13/99,2316.81
1/14/99,2276.82
1/15/99,2348.2
1/18/99,.
1/19/99,2408.17
1/20/99,2415.49
1/21/99,2344.72
1/22/99,2338.88
1/25/99,2369.31
1/26/99,2433.41
1/27/99,2407.14
1/28/99,2477.34
1/29/99,2505.89
2/1/99,2510.09
2/2/99,2463.42
2/3/99,2493.41
2/4/99,2410.07
2/5/99,2373.62
2/8/99,2404.92
2/9/99,2310.79
2/10/99,2309.5
2/11/99,2405.55
2/12/99,2321.89
2/15/99,.
2/16/99,2313.87
2/17/99,2248.91
2/18/99,2260.55
2/19/99,2283.6
2/22/99,2342.01
2/23/99,2376.35
2/24/99,2339.38
2/25/99,2326.82
2/26/99,2288.03
3/1/99,2295.18
3/2/99,2259.03
3/3/99,2265.2
3/4/99,2292.89
3/5/99,2337.11
3/8/99,2397.62
3/9/99,2392.94
3/10/99,2406
3/11/99,2412.25
3/12/99,2381.53
3/15/99,2431.44
3/16/99,2439.27
3/17/99,2428.97
3/18/99,2462.96
3/19/99,2421.27
3/22/99,2395.94
3/23/99,2322.84
3/24/99,2365.28
3/25/99,2434.8
3/26/99,2419.17
3/29/99,2492.84
3/30/99,2480.29
3/31/99,2461.4
4/1/99,2493.37
4/2/99,.
4/5/99,2560.06
4/6/99,2563.17
4/7/99,2544.43
4/8/99,2573.39
4/9/99,2593.05
4/12/99,2598.81
4/13/99,2583.5
4/14/99,2507.28
4/15/99,2521.77
4/16/99,2484.04
4/19/99,2345.61
4/20/99,2409.64
4/21/99,2489.08
4/22/99,2561.61
4/23/99,2590.69
4/26/99,2652.05
4/27/99,2602.41
4/28/99,2550.37
4/29/99,2528.44
4/30/99,2542.85
5/3/99,2535.58
5/4/99,2485.12
5/5/99,2534.45
5/6/99,2472.28
5/7/99,2503.62
5/10/99,2526.39
5/11/99,2566.68
5/12/99,2606.54
5/13/99,2582
5/14/99,2527.86
5/17/99,2561.84
5/18/99,2558.36
5/19/99,2577.4
5/20/99,2542.23
5/21/99,2520.14
5/24/99,2453.66
5/25/99,2380.9
5/26/99,2427.18
5/27/99,2419.15
5/28/99,2470.52
5/31/99,.
6/1/99,2412.03
6/2/99,2432.41
6/3/99,2403.32
6/4/99,2478.34
6/7/99,2524.21
6/8/99,2474.56
6/9/99,2519.35
6/10/99,2484.62
6/11/99,2447.88
6/14/99,2398.31
6/15/99,2414.67
6/16/99,2517.83
6/17/99,2544.15
6/18/99,2563.44
6/21/99,2630.28
6/22/99,2580.26
6/23/99,2598.12
6/24/99,2553.99
6/25/99,2552.65
6/28/99,2602.44
6/29/99,2642.11
6/30/99,2686.12
7/1/99,2706.18
7/2/99,2741.02
7/5/99,.
7/6/99,2736.78
7/7/99,2743.04
7/8/99,2771.86
7/9/99,2793.07
7/12/99,2790.44
7/13/99,2778.23
7/14/99,2818.13
7/15/99,2839.37
7/16/99,2864.48
7/19/99,2830.29
7/20/99,2732.18
7/21/99,2761.77
7/22/99,2684.44
7/23/99,2692.4
7/26/99,2619.19
7/27/99,2679.33
7/28/99,2705.84
7/29/99,2640.01
7/30/99,2638.49
8/2/99,2623.63
8/3/99,2587.99
8/4/99,2540
8/5/99,2565.83
8/6/99,2547.97
8/9/99,2518.98
8/10/99,2490.11
8/11/99,2564.98
8/12/99,2549.49
8/13/99,2637.81
8/16/99,2645.28
8/17/99,2671.22
8/18/99,2657.73
8/19/99,2621.43
8/20/99,2648.33
8/23/99,2719.57
8/24/99,2752.37
8/25/99,2805.6
8/26/99,2774.62
8/27/99,2758.9
8/30/99,2712.69
8/31/99,2739.35
9/1/99,2750.8
9/2/99,2734.24
9/3/99,2843.11
9/6/99,.
9/7/99,2837.26
9/8/99,2808.74
9/9/99,2852.02
9/10/99,2887.06
9/13/99,2844.77
9/14/99,2868.29
9/15/99,2814.17
9/16/99,2806.72
9/17/99,2869.62
9/20/99,2886.15
9/21/99,2821.1
9/22/99,2858.16
9/23/99,2749.83
9/24/99,2740.41
9/27/99,2761.75
9/28/99,2756.25
9/29/99,2730.27
9/30/99,2746.16
10/1/99,2736.85
10/4/99,2795.97
10/5/99,2799.67
10/6/99,2857.21
10/7/99,2860.7
10/8/99,2886.57
10/11/99,2915.95
10/12/99,2872.43
10/13/99,2801.27
10/14/99,2806.84
10/15/99,2731.83
10/18/99,2689.15
10/19/99,2688.18
10/20/99,2788.13
10/21/99,2801.95
10/22/99,2816.52
10/25/99,2815.95
10/26/99,2811.47
10/27/99,2802.52
10/28/99,2875.22
10/29/99,2966.43
11/1/99,2967.65
11/2/99,2981.63
11/3/99,3028.51
11/4/99,3055.95
11/5/99,3102.29
11/8/99,3143.97
11/9/99,3125.04
11/10/99,3155.96
11/11/99,3197.29
11/12/99,3221.15
11/15/99,3219.54
11/16/99,3295.52
11/17/99,3269.39
11/18/99,3347.11
11/19/99,3369.25
11/22/99,3392.56
11/23/99,3342.87
11/24/99,3420.5
11/25/99,.
11/26/99,3447.81
11/29/99,3421.37
11/30/99,3336.16
12/1/99,3353.71
12/2/99,3452.78
12/3/99,3520.63
12/6/99,3546.01
12/7/99,3586.92
12/8/99,3586.08
12/9/99,3594.17
12/10/99,3620.24
12/13/99,3658.17
12/14/99,3571.66
12/15/99,3621.95
12/16/99,3715.06
12/17/99,3753.06
12/20/99,3783.87
12/21/99,3911.15
12/22/99,3937.3
12/23/99,3969.44
12/24/99,.
12/27/99,3975.38
12/28/99,3972.11
12/29/99,4041.46
12/30/99,4036.87
12/31/99,4069.31
1/3/00,4131.15
1/4/00,3901.69
1/5/00,3877.54
1/6/00,3727.13
1/7/00,3882.62
1/10/00,4049.67
1/11/00,3921.19
1/12/00,3850.02
1/13/00,3957.21
1/14/00,4064.27
1/17/00,.
1/18/00,4130.81
1/19/00,4151.29
1/20/00,4189.51
1/21/00,4235.4
1/24/00,4096.08
1/25/00,4167.41
1/26/00,4069.91
1/27/00,4039.56
1/28/00,3887.07
1/31/00,3940.35
2/1/00,4051.98
2/2/00,4073.96
2/3/00,4210.98
2/4/00,4244.14
2/7/00,4321.77
2/8/00,4427.5
2/9/00,4363.24
2/10/00,4485.63
2/11/00,4395.45
2/14/00,4418.55
2/15/00,4420.77
2/16/00,4427.65
2/17/00,4548.92
2/18/00,4411.74
2/21/00,.
2/22/00,4382.12
2/23/00,4550.33
2/24/00,4617.65
2/25/00,4590.5
2/28/00,4577.85
2/29/00,4696.69
3/1/00,4784.08
3/2/00,4754.51
3/3/00,4914.79
3/6/00,4904.85
3/7/00,4847.84
3/8/00,4897.26
3/9/00,5046.86
3/10/00,5048.62
3/13/00,4907.24
3/14/00,4706.63
3/15/00,4582.62
3/16/00,4717.39
3/17/00,4798.13
3/20/00,4610
3/21/00,4711.68
3/22/00,4864.75
3/23/00,4940.61
3/24/00,4963.03
3/27/00,4958.56
3/28/00,4833.89
3/29/00,4644.67
3/30/00,4457.89
3/31/00,4572.83
4/3/00,4223.68
4/4/00,4148.89
4/5/00,4169.22
4/6/00,4267.56
4/7/00,4446.45
4/10/00,4188.2
4/11/00,4055.9
4/12/00,3769.63
4/13/00,3676.78
4/14/00,3321.29
4/17/00,3539.16
4/18/00,3793.57
4/19/00,3706.41
4/20/00,3643.88
4/21/00,.
4/24/00,3482.48
4/25/00,3711.23
4/26/00,3630.09
4/27/00,3774.03
4/28/00,3860.66
5/1/00,3958.08
5/2/00,3785.45
5/3/00,3707.31
5/4/00,3720.24
5/5/00,3816.82
5/8/00,3669.38
5/9/00,3585.01
5/10/00,3384.73
5/11/00,3499.58
5/12/00,3529.06
5/15/00,3607.65
5/16/00,3717.57
5/17/00,3644.96
5/18/00,3538.71
5/19/00,3390.4
5/22/00,3364.21
5/23/00,3164.55
5/24/00,3270.61
5/25/00,3205.35
5/26/00,3205.11
5/29/00,.
5/30/00,3459.48
5/31/00,3400.91
6/1/00,3582.5
6/2/00,3813.38
6/5/00,3821.76
6/6/00,3756.37
6/7/00,3839.26
6/8/00,3825.56
6/9/00,3874.84
6/12/00,3767.91
6/13/00,3851.06
6/14/00,3797.41
6/15/00,3845.74
6/16/00,3860.56
6/19/00,3989.83
6/20/00,4013.36
6/21/00,4064.01
6/22/00,3936.84
6/23/00,3845.34
6/26/00,3912.12
6/27/00,3858.96
6/28/00,3940.34
6/29/00,3877.23
6/30/00,3966.11
7/3/00,3991.93
7/4/00,.
7/5/00,3863.1
7/6/00,3960.57
7/7/00,4023.2
7/10/00,3980.29
7/11/00,3956.42
7/12/00,4099.59
7/13/00,4174.86
7/14/00,4246.18
7/17/00,4274.67
7/18/00,4177.17
7/19/00,4055.63
7/20/00,4184.56
7/21/00,4094.45
7/24/00,3981.57
7/25/00,4029.57
7/26/00,3987.72
7/27/00,3842.23
7/28/00,3663
7/31/00,3766.99
8/1/00,3685.52
8/2/00,3658.46
8/3/00,3759.88
8/4/00,3787.36
8/7/00,3862.99
8/8/00,3848.55
8/9/00,3853.5
8/10/00,3759.99
8/11/00,3789.47
8/14/00,3849.69
8/15/00,3851.66
8/16/00,3861.2
8/17/00,3940.87
8/18/00,3930.34
8/21/00,3953.15
8/22/00,3958.21
8/23/00,4011.01
8/24/00,4053.28
8/25/00,4042.68
8/28/00,4070.59
8/29/00,4082.17
8/30/00,4103.81
8/31/00,4206.35
9/1/00,4234.33
9/4/00,.
9/5/00,4143.18
9/6/00,4013.34
9/7/00,4098.35
9/8/00,3978.41
9/11/00,3896.35
9/12/00,3849.51
9/13/00,3893.89
9/14/00,3913.86
9/15/00,3835.23
9/18/00,3726.52
9/19/00,3865.64
9/20/00,3897.44
9/21/00,3828.87
9/22/00,3803.76
9/25/00,3741.22
9/26/00,3689.1
9/27/00,3656.3
9/28/00,3778.32
9/29/00,3672.82
10/2/00,3568.9
10/3/00,3455.83
10/4/00,3523.1
10/5/00,3472.1
10/6/00,3361.01
10/9/00,3355.56
10/10/00,3240.54
10/11/00,3168.49
10/12/00,3074.68
10/13/00,3316.77
10/16/00,3290.28
10/17/00,3213.96
10/18/00,3171.56
10/19/00,3418.6
10/20/00,3483.14
10/23/00,3468.69
10/24/00,3419.79
10/25/00,3229.57
10/26/00,3272.18
10/27/00,3278.36
10/30/00,3191.4
10/31/00,3369.63
11/1/00,3333.39
11/2/00,3429.02
11/3/00,3451.58
11/6/00,3416.21
11/7/00,3415.79
11/8/00,3231.7
11/9/00,3200.35
11/10/00,3028.99
11/13/00,2966.72
11/14/00,3138.27
11/15/00,3165.49
11/16/00,3031.88
11/17/00,3027.19
11/20/00,2875.64
11/21/00,2871.45
11/22/00,2755.34
11/23/00,.
11/24/00,2904.38
11/27/00,2880.49
11/28/00,2734.98
11/29/00,2706.93
11/30/00,2597.93
12/1/00,2645.29
12/4/00,2615.75
12/5/00,2889.8
12/6/00,2796.5
12/7/00,2752.66
12/8/00,2917.43
12/11/00,3015.1
12/12/00,2931.77
12/13/00,2822.77
12/14/00,2728.51
12/15/00,2653.27
12/18/00,2624.52
12/19/00,2511.71
12/20/00,2332.78
12/21/00,2340.12
12/22/00,2517.02
12/25/00,.
12/26/00,2493.52
12/27/00,2539.35
12/28/00,2557.76
12/29/00,2470.52
1/1/01,.
1/2/01,2291.86
1/3/01,2616.69
1/4/01,2566.83
1/5/01,2407.65
1/8/01,2395.92
1/9/01,2441.3
1/10/01,2524.18
1/11/01,2640.57
1/12/01,2626.5
1/15/01,.
1/16/01,2618.55
1/17/01,2682.78
1/18/01,2768.49
1/19/01,2770.38
1/22/01,2757.91
1/23/01,2840.39
1/24/01,2859.15
1/25/01,2754.28
1/26/01,2781.3
1/29/01,2838.34
1/30/01,2838.35
1/31/01,2772.73
2/1/01,2782.79
2/2/01,2660.5
2/5/01,2643.21
2/6/01,2664.49
2/7/01,2607.82
2/8/01,2562.06
2/9/01,2470.97
2/12/01,2489.66
2/13/01,2427.72
2/14/01,2491.4
2/15/01,2552.91
2/16/01,2425.38
2/19/01,.
2/20/01,2318.35
2/21/01,2268.94
2/22/01,2244.96
2/23/01,2262.51
2/26/01,2308.5
2/27/01,2207.82
2/28/01,2151.83
3/1/01,2183.37
3/2/01,2117.63
3/5/01,2142.92
3/6/01,2204.43
3/7/01,2223.92
3/8/01,2168.73
3/9/01,2052.78
3/12/01,1923.38
3/13/01,2014.78
3/14/01,1972.09
3/15/01,1940.71
3/16/01,1890.91
3/19/01,1951.18
3/20/01,1857.44
3/21/01,1830.23
3/22/01,1897.7
3/23/01,1928.68
3/26/01,1918.49
3/27/01,1972.26
3/28/01,1854.13
3/29/01,1820.57
3/30/01,1840.26
4/2/01,1782.97
4/3/01,1673
4/4/01,1638.8
4/5/01,1785
4/6/01,1720.36
4/9/01,1745.71
4/10/01,1852.03
4/11/01,1898.95
4/12/01,1961.43
4/13/01,.
4/16/01,1909.57
4/17/01,1923.22
4/18/01,2079.44
4/19/01,2182.14
4/20/01,2163.41
4/23/01,2059.32
4/24/01,2016.61
4/25/01,2059.8
4/26/01,2034.88
4/27/01,2075.68
4/30/01,2116.24
5/1/01,2168.24
5/2/01,2220.6
5/3/01,2146.2
5/4/01,2191.53
5/7/01,2173.57
5/8/01,2198.77
5/9/01,2156.63
5/10/01,2128.86
5/11/01,2107.43
5/14/01,2081.92
5/15/01,2085.58
5/16/01,2166.44
5/17/01,2193.68
5/18/01,2198.88
5/21/01,2305.59
5/22/01,2313.85
5/23/01,2243.48
5/24/01,2282.02
5/25/01,2251.03
5/28/01,.
5/29/01,2175.54
5/30/01,2084.5
5/31/01,2110.49
6/1/01,2149.44
6/4/01,2155.93
6/5/01,2233.66
6/6/01,2217.73
6/7/01,2264
6/8/01,2215.1
6/11/01,2170.78
6/12/01,2169.95
6/13/01,2121.66
6/14/01,2044.07
6/15/01,2028.43
6/18/01,1988.63
6/19/01,1992.66
6/20/01,2031.24
6/21/01,2058.76
6/22/01,2034.84
6/25/01,2050.87
6/26/01,2064.62
6/27/01,2074.74
6/28/01,2125.46
6/29/01,2160.54
7/2/01,2148.72
7/3/01,2140.8
7/4/01,.
7/5/01,2080.11
7/6/01,2004.16
7/9/01,2026.71
7/10/01,1962.79
7/11/01,1972.04
7/12/01,2075.74
7/13/01,2084.79
7/16/01,2029.12
7/17/01,2067.32
7/18/01,2016.17
7/19/01,2046.59
7/20/01,2029.37
7/23/01,1988.56
7/24/01,1959.24
7/25/01,1984.32
7/26/01,2022.96
7/27/01,2029.07
7/30/01,2017.84
7/31/01,2027.13
8/1/01,2068.38
8/2/01,2087.38
8/3/01,2066.33
8/6/01,2034.26
8/7/01,2027.79
8/8/01,1966.36
8/9/01,1963.32
8/10/01,1956.47
8/13/01,1982.25
8/14/01,1964.53
8/15/01,1918.89
8/16/01,1930.32
8/17/01,1867.01
8/20/01,1881.35
8/21/01,1831.3
8/22/01,1860.01
8/23/01,1842.97
8/24/01,1916.8
8/27/01,1912.41
8/28/01,1864.98
8/29/01,1843.17
8/30/01,1791.68
8/31/01,1805.43
9/3/01,.
9/4/01,1770.78
9/5/01,1759.01
9/6/01,1705.64
9/7/01,1687.7
9/10/01,1695.38
9/11/01,.
9/12/01,.
9/13/01,.
9/14/01,.
9/17/01,1579.55
9/18/01,1555.08
9/19/01,1527.8
9/20/01,1470.93
9/21/01,1423.19
9/24/01,1499.4
9/25/01,1501.64
9/26/01,1464.04
9/27/01,1460.71
9/28/01,1498.8
10/1/01,1480.46
10/2/01,1492.33
10/3/01,1580.81
10/4/01,1597.31
10/5/01,1605.3
10/8/01,1605.95
10/9/01,1570.19
10/10/01,1626.26
10/11/01,1701.47
10/12/01,1703.4
10/15/01,1696.31
10/16/01,1722.07
10/17/01,1646.34
10/18/01,1652.72
10/19/01,1671.31
10/22/01,1708.08
10/23/01,1704.44
10/24/01,1731.54
10/25/01,1775.47
10/26/01,1768.96
10/29/01,1699.52
10/30/01,1667.41
10/31/01,1690.2
11/1/01,1746.3
11/2/01,1745.73
11/5/01,1793.65
11/6/01,1835.08
11/7/01,1837.53
11/8/01,1827.77
11/9/01,1828.48
11/12/01,1840.13
11/13/01,1892.11
11/14/01,1903.19
11/15/01,1900.57
11/16/01,1898.58
11/19/01,1934.42
11/20/01,1880.51
11/21/01,1875.05
11/22/01,.
11/23/01,1903.2
11/26/01,1941.23
11/27/01,1935.97
11/28/01,1887.97
11/29/01,1933.26
11/30/01,1930.58
12/3/01,1904.9
12/4/01,1963.1
12/5/01,2046.84
12/6/01,2054.27
12/7/01,2021.26
12/10/01,1992.12
12/11/01,2001.93
12/12/01,2011.38
12/13/01,1946.51
12/14/01,1953.17
12/17/01,1987.45
12/18/01,2004.76
12/19/01,1982.89
12/20/01,1918.54
12/21/01,1945.83
12/24/01,1944.48
12/25/01,.
12/26/01,1960.7
12/27/01,1976.42
12/28/01,1987.26
12/31/01,1950.4
1/1/02,.
1/2/02,1979.25
1/3/02,2044.27
1/4/02,2059.38
1/7/02,2037.1
1/8/02,2055.74
1/9/02,2044.89
1/10/02,2047.24
1/11/02,2022.46
1/14/02,1990.74
1/15/02,2000.91
1/16/02,1944.44
1/17/02,1985.82
1/18/02,1930.34
1/21/02,.
1/22/02,1882.53
1/23/02,1922.38
1/24/02,1942.58
1/25/02,1937.7
1/28/02,1943.91
1/29/02,1892.99
1/30/02,1913.44
1/31/02,1934.03
2/1/02,1911.24
2/4/02,1855.53
2/5/02,1838.52
2/6/02,1812.71
2/7/02,1782.11
2/8/02,1818.88
2/11/02,1846.66
2/12/02,1834.21
2/13/02,1859.16
2/14/02,1843.37
2/15/02,1805.2
2/18/02,.
2/19/02,1750.61
2/20/02,1775.57
2/21/02,1716.24
2/22/02,1724.54
2/25/02,1769.88
2/26/02,1766.86
2/27/02,1751.88
2/28/02,1731.49
3/1/02,1802.74
3/4/02,1859.32
3/5/02,1866.29
3/6/02,1890.4
3/7/02,1881.63
3/8/02,1929.67
3/11/02,1929.49
3/12/02,1897.12
3/13/02,1862.03
3/14/02,1854.14
3/15/02,1868.3
3/18/02,1877.06
3/19/02,1880.87
3/20/02,1832.87
3/21/02,1868.83
3/22/02,1851.39
3/25/02,1812.49
3/26/02,1824.17
3/27/02,1826.75
3/28/02,1845.35
3/29/02,.
4/1/02,1862.62
4/2/02,1804.4
4/3/02,1784.35
4/4/02,1789.75
4/5/02,1770.03
4/8/02,1785.87
4/9/02,1742.57
4/10/02,1767.07
4/11/02,1725.24
4/12/02,1756.19
4/15/02,1753.78
4/16/02,1816.79
4/17/02,1810.67
4/18/02,1802.43
4/19/02,1796.83
4/22/02,1758.68
4/23/02,1730.29
4/24/02,1713.34
4/25/02,1713.7
4/26/02,1663.89
4/29/02,1656.93
4/30/02,1688.23
5/1/02,1677.53
5/2/02,1644.82
5/3/02,1613.03
5/6/02,1578.48
5/7/02,1573.82
5/8/02,1696.29
5/9/02,1650.49
5/10/02,1600.85
5/13/02,1652.54
5/14/02,1719.05
5/15/02,1725.56
5/16/02,1730.44
5/17/02,1741.39
5/20/02,1701.59
5/21/02,1664.18
5/22/02,1673.45
5/23/02,1697.63
5/24/02,1661.49
5/27/02,.
5/28/02,1652.17
5/29/02,1624.39
5/30/02,1631.92
5/31/02,1615.73
6/3/02,1562.56
6/4/02,1578.12
6/5/02,1595.26
6/6/02,1554.88
6/7/02,1535.48
6/10/02,1530.69
6/11/02,1497.18
6/12/02,1519.12
6/13/02,1496.86
6/14/02,1504.74
6/17/02,1553.29
6/18/02,1542.96
6/19/02,1496.83
6/20/02,1464.75
6/21/02,1440.96
6/24/02,1460.34
6/25/02,1423.99
6/26/02,1429.33
6/27/02,1459.2
6/28/02,1463.21
7/1/02,1403.8
7/2/02,1357.82
7/3/02,1380.17
7/4/02,.
7/5/02,1448.36
7/8/02,1405.61
7/9/02,1381.12
7/10/02,1346.01
7/11/02,1374.43
7/12/02,1373.5
7/15/02,1382.62
7/16/02,1375.26
7/17/02,1397.25
7/18/02,1356.95
7/19/02,1319.15
7/22/02,1282.65
7/23/02,1229.05
7/24/02,1290.23
7/25/02,1240.08
7/26/02,1262.12
7/29/02,1335.25
7/30/02,1344.19
7/31/02,1328.26
8/1/02,1280
8/2/02,1247.92
8/5/02,1206.01
8/6/02,1259.55
8/7/02,1280.9
8/8/02,1316.52
8/9/02,1306.12
8/12/02,1306.84
8/13/02,1269.28
8/14/02,1334.3
8/15/02,1345.01
8/16/02,1361.01
8/19/02,1394.54
8/20/02,1376.59
8/21/02,1409.25
8/22/02,1422.95
8/23/02,1380.62
8/26/02,1391.74
8/27/02,1347.78
8/28/02,1314.38
8/29/02,1335.77
8/30/02,1314.85
9/2/02,.
9/3/02,1263.84
9/4/02,1292.31
9/5/02,1251
9/6/02,1295.3
9/9/02,1304.6
9/10/02,1320.09
9/11/02,1315.45
9/12/02,1279.68
9/13/02,1291.4
9/16/02,1275.88
9/17/02,1259.94
9/18/02,1252.13
9/19/02,1216.45
9/20/02,1221.09
9/23/02,1184.93
9/24/02,1182.17
9/25/02,1222.29
9/26/02,1221.61
9/27/02,1199.16
9/30/02,1172.06
10/1/02,1213.72
10/2/02,1187.3
10/3/02,1165.56
10/4/02,1139.9
10/7/02,1119.4
10/8/02,1129.21
10/9/02,1114.11
10/10/02,1163.37
10/11/02,1210.47
10/14/02,1220.53
10/15/02,1282.44
10/16/02,1232.42
10/17/02,1272.29
10/18/02,1287.86
10/21/02,1309.67
10/22/02,1292.8
10/23/02,1320.23
10/24/02,1298.71
10/25/02,1331.13
10/28/02,1315.83
10/29/02,1300.54
10/30/02,1326.73
10/31/02,1329.75
11/1/02,1360.7
11/4/02,1396.54
11/5/02,1401.17
11/6/02,1418.99
11/7/02,1376.71
11/8/02,1359.28
11/11/02,1319.19
11/12/02,1349.56
11/13/02,1361.34
11/14/02,1411.52
11/15/02,1411.14
11/18/02,1393.69
11/19/02,1374.51
11/20/02,1419.35
11/21/02,1467.55
11/22/02,1468.74
11/25/02,1481.9
11/26/02,1444.43
11/27/02,1487.94
11/28/02,.
11/29/02,1478.78
12/2/02,1484.78
12/3/02,1448.96
12/4/02,1430.35
12/5/02,1410.75
12/6/02,1422.44
12/9/02,1367.14
12/10/02,1390.76
12/11/02,1396.59
12/12/02,1399.55
12/13/02,1362.42
12/16/02,1400.33
12/17/02,1392.05
12/18/02,1361.51
12/19/02,1354.1
12/20/02,1363.05
12/23/02,1381.69
12/24/02,1372.47
12/25/02,.
12/26/02,1367.89
12/27/02,1348.31
12/30/02,1339.54
12/31/02,1335.51
1/1/03,.
1/2/03,1384.85
1/3/03,1387.08
1/6/03,1421.32
1/7/03,1431.57
1/8/03,1401.07
1/9/03,1438.46
1/10/03,1447.72
1/13/03,1446.04
1/14/03,1460.99
1/15/03,1438.8
1/16/03,1423.75
1/17/03,1376.19
1/20/03,.
1/21/03,1364.25
1/22/03,1359.48
1/23/03,1388.27
1/24/03,1342.14
1/27/03,1325.27
1/28/03,1342.18
1/29/03,1358.06
1/30/03,1322.35
1/31/03,1320.91
2/3/03,1323.79
2/4/03,1306.15
2/5/03,1301.5
2/6/03,1301.73
2/7/03,1282.47
2/10/03,1296.68
2/11/03,1295.46
2/12/03,1278.97
2/13/03,1277.44
2/14/03,1310.17
2/17/03,.
2/18/03,1346.54
2/19/03,1334.32
2/20/03,1331.23
2/21/03,1349.02
2/24/03,1322.38
2/25/03,1328.98
2/26/03,1303.68
2/27/03,1323.94
2/28/03,1337.52
3/3/03,1320.29
3/4/03,1307.77
3/5/03,1314.4
3/6/03,1302.89
3/7/03,1305.29
3/10/03,1278.37
3/11/03,1271.47
3/12/03,1279.24
3/13/03,1340.77
3/14/03,1340.33
3/17/03,1392.27
3/18/03,1400.55
3/19/03,1397.07
3/20/03,1402.77
3/21/03,1421.84
3/24/03,1369.78
3/25/03,1391.01
3/26/03,1387.45
3/27/03,1384.25
3/28/03,1369.6
3/31/03,1341.17
4/1/03,1348.3
4/2/03,1396.72
4/3/03,1396.58
4/4/03,1383.51
4/7/03,1389.51
4/8/03,1382.94
4/9/03,1356.74
4/10/03,1365.61
4/11/03,1358.85
4/14/03,1384.95
4/15/03,1391.01
4/16/03,1394.72
4/17/03,1425.5
4/18/03,.
4/21/03,1424.37
4/22/03,1451.36
4/23/03,1466.16
4/24/03,1457.23
4/25/03,1434.54
4/28/03,1462.24
4/29/03,1471.3
4/30/03,1464.31
5/1/03,1472.56
5/2/03,1502.88
5/5/03,1504.04
5/6/03,1523.71
5/7/03,1506.76
5/8/03,1489.69
5/9/03,1520.15
5/12/03,1541.4
5/13/03,1539.68
5/14/03,1534.9
5/15/03,1551.38
5/16/03,1538.53
5/19/03,1492.77
5/20/03,1491.09
5/21/03,1489.87
5/22/03,1507.55
5/23/03,1510.09
5/26/03,.
5/27/03,1556.69
5/28/03,1563.24
5/29/03,1574.95
5/30/03,1595.91
6/2/03,1590.75
6/3/03,1603.56
6/4/03,1634.65
6/5/03,1646.01
6/6/03,1627.42
6/9/03,1603.97
6/10/03,1627.67
6/11/03,1646.02
6/12/03,1653.62
6/13/03,1626.49
6/16/03,1666.58
6/17/03,1668.44
6/18/03,1677.14
6/19/03,1648.64
6/20/03,1644.72
6/23/03,1610.75
6/24/03,1605.61
6/25/03,1602.66
6/26/03,1634.01
6/27/03,1625.26
6/30/03,1622.8
7/1/03,1640.13
7/2/03,1678.73
7/3/03,1663.46
7/4/03,.
7/7/03,1720.71
7/8/03,1746.46
7/9/03,1747.46
7/10/03,1715.86
7/11/03,1733.93
7/14/03,1754.82
7/15/03,1753.21
7/16/03,1747.97
7/17/03,1698.02
7/18/03,1708.5
7/21/03,1681.41
7/22/03,1706.1
7/23/03,1719.18
7/24/03,1701.42
7/25/03,1730.7
7/28/03,1735.36
7/29/03,1731.37
7/30/03,1720.91
7/31/03,1735.02
8/1/03,1715.62
8/4/03,1714.06
8/5/03,1673.5
8/6/03,1652.68
8/7/03,1652.18
8/8/03,1644.03
8/11/03,1661.51
8/12/03,1687.01
8/13/03,1686.61
8/14/03,1700.34
8/15/03,1702.01
8/18/03,1739.49
8/19/03,1761.11
8/20/03,1760.54
8/21/03,1777.55
8/22/03,1765.32
8/25/03,1764.31
8/26/03,1770.65
8/27/03,1782.13
8/28/03,1800.18
8/29/03,1810.45
9/1/03,.
9/2/03,1841.48
9/3/03,1852.9
9/4/03,1868.97
9/5/03,1858.24
9/8/03,1888.62
9/9/03,1873.43
9/10/03,1823.81
9/11/03,1846.09
9/12/03,1855.03
9/15/03,1845.7
9/16/03,1887.25
9/17/03,1883.1
9/18/03,1909.55
9/19/03,1905.7
9/22/03,1874.62
9/23/03,1901.72
9/24/03,1843.7
9/25/03,1817.24
9/26/03,1792.07
9/29/03,1824.56
9/30/03,1786.94
10/1/03,1832.25
10/2/03,1836.22
10/3/03,1880.57
10/6/03,1893.46
10/7/03,1907.85
10/8/03,1893.78
10/9/03,1911.9
10/10/03,1915.31
10/13/03,1933.53
10/14/03,1943.19
10/15/03,1939.1
10/16/03,1950.14
10/17/03,1912.36
10/20/03,1925.14
10/21/03,1940.9
10/22/03,1898.07
10/23/03,1885.51
10/24/03,1865.59
10/27/03,1882.91
10/28/03,1932.26
10/29/03,1936.56
10/30/03,1932.69
10/31/03,1932.21
11/3/03,1967.7
11/4/03,1957.96
11/5/03,1959.37
11/6/03,1976.37
11/7/03,1970.74
11/10/03,1941.64
11/11/03,1930.75
11/12/03,1973.11
11/13/03,1967.35
11/14/03,1930.26
11/17/03,1909.61
11/18/03,1881.75
11/19/03,1899.65
11/20/03,1881.92
11/21/03,1893.88
11/24/03,1947.14
11/25/03,1943.04
11/26/03,1953.31
11/27/03,.
11/28/03,1960.26
12/1/03,1989.82
12/2/03,1980.07
12/3/03,1960.25
12/4/03,1968.8
12/5/03,1937.82
12/8/03,1948.85
12/9/03,1908.32
12/10/03,1904.65
12/11/03,1942.32
12/12/03,1949
12/15/03,1918.26
12/16/03,1924.29
12/17/03,1921.33
12/18/03,1956.18
12/19/03,1951.02
12/22/03,1955.8
12/23/03,1974.78
12/24/03,1969.23
12/25/03,.
12/26/03,1973.14
12/29/03,2006.48
12/30/03,2009.88
12/31/03,2003.37
1/1/04,.
1/2/04,2006.68
1/5/04,2047.36
1/6/04,2057.37
1/7/04,2077.68
1/8/04,2100.25
1/9/04,2086.92
1/12/04,2111.78
1/13/04,2096.44
1/14/04,2111.13
1/15/04,2109.08
1/16/04,2140.46
1/19/04,.
1/20/04,2147.98
1/21/04,2142.45
1/22/04,2119.01
1/23/04,2123.87
1/26/04,2153.83
1/27/04,2116.04
1/28/04,2077.37
1/29/04,2068.23
1/30/04,2066.15
2/2/04,2063.15
2/3/04,2066.21
2/4/04,2014.14
2/5/04,2019.56
2/6/04,2064.01
2/9/04,2060.57
2/10/04,2075.33
2/11/04,2089.66
2/12/04,2073.61
2/13/04,2053.56
2/16/04,.
2/17/04,2080.35
2/18/04,2076.47
2/19/04,2045.96
2/20/04,2037.93
2/23/04,2007.52
2/24/04,2005.44
2/25/04,2022.98
2/26/04,2032.57
2/27/04,2029.82
3/1/04,2057.8
3/2/04,2039.65
3/3/04,2033.36
3/4/04,2055.11
3/5/04,2047.63
3/8/04,2008.78
3/9/04,1995.16
3/10/04,1964.15
3/11/04,1943.89
3/12/04,1984.73
3/15/04,1939.2
3/16/04,1943.09
3/17/04,1976.76
3/18/04,1962.44
3/19/04,1940.47
3/22/04,1909.9
3/23/04,1901.8
3/24/04,1909.48
3/25/04,1967.17
3/26/04,1960.02
3/29/04,1992.57
3/30/04,2000.63
3/31/04,1994.22
4/1/04,2015.01
4/2/04,2057.17
4/5/04,2079.12
4/6/04,2059.9
4/7/04,2050.24
4/8/04,2052.88
4/9/04,.
4/12/04,2065.48
4/13/04,2030.08
4/14/04,2024.85
4/15/04,2002.17
4/16/04,1995.74
4/19/04,2020.43
4/20/04,1978.63
4/21/04,1995.63
4/22/04,2032.91
4/23/04,2049.77
4/26/04,2036.77
4/27/04,2032.53
4/28/04,1989.54
4/29/04,1958.78
4/30/04,1920.15
5/3/04,1938.72
5/4/04,1950.48
5/5/04,1957.26
5/6/04,1937.74
5/7/04,1917.96
5/10/04,1896.07
5/11/04,1931.35
5/12/04,1925.59
5/13/04,1926.03
5/14/04,1904.25
5/17/04,1876.64
5/18/04,1897.82
5/19/04,1898.17
5/20/04,1896.59
5/21/04,1912.09
5/24/04,1922.98
5/25/04,1964.65
5/26/04,1976.15
5/27/04,1984.5
5/28/04,1986.74
5/31/04,.
6/1/04,1990.77
6/2/04,1988.98
6/3/04,1960.26
6/4/04,1978.62
6/7/04,2020.62
6/8/04,2023.53
6/9/04,1990.61
6/10/04,1999.87
6/11/04,.
6/14/04,1969.99
6/15/04,1995.6
6/16/04,1998.23
6/17/04,1983.67
6/18/04,1986.73
6/21/04,1974.38
6/22/04,1994.15
6/23/04,2020.98
6/24/04,2015.57
6/25/04,2025.47
6/28/04,2019.82
6/29/04,2034.93
6/30/04,2047.79
7/1/04,2015.55
7/2/04,2006.66
7/5/04,.
7/6/04,1963.43
7/7/04,1966.08
7/8/04,1935.32
7/9/04,1946.33
7/12/04,1936.92
7/13/04,1931.66
7/14/04,1914.88
7/15/04,1912.71
7/16/04,1883.15
7/19/04,1883.83
7/20/04,1917.07
7/21/04,1874.37
7/22/04,1889.06
7/23/04,1849.09
7/26/04,1839.02
7/27/04,1869.1
7/28/04,1858.26
7/29/04,1881.06
7/30/04,1887.36
8/2/04,1892.09
8/3/04,1859.42
8/4/04,1855.06
8/5/04,1821.63
8/6/04,1776.89
8/9/04,1774.64
8/10/04,1808.7
8/11/04,1782.42
8/12/04,1752.49
8/13/04,1757.22
8/16/04,1782.84
8/17/04,1795.25
8/18/04,1831.37
8/19/04,1819.89
8/20/04,1838.02
8/23/04,1838.7
8/24/04,1836.89
8/25/04,1860.72
8/26/04,1852.92
8/27/04,1862.09
8/30/04,1836.49
8/31/04,1838.1
9/1/04,1850.41
9/2/04,1873.43
9/3/04,1844.48
9/6/04,.
9/7/04,1858.56
9/8/04,1850.64
9/9/04,1869.65
9/10/04,1894.31
9/13/04,1910.38
9/14/04,1915.4
9/15/04,1896.52
9/16/04,1904.08
9/17/04,1910.09
9/20/04,1908.07
9/21/04,1921.18
9/22/04,1885.71
9/23/04,1886.43
9/24/04,1879.48
9/27/04,1859.88
9/28/04,1869.87
9/29/04,1893.94
9/30/04,1896.84
10/1/04,1942.2
10/4/04,1952.4
10/5/04,1955.5
10/6/04,1971.03
10/7/04,1948.52
10/8/04,1919.97
10/11/04,1928.76
10/12/04,1925.17
10/13/04,1920.53
10/14/04,1903.02
10/15/04,1911.5
10/18/04,1936.52
10/19/04,1922.9
10/20/04,1932.97
10/21/04,1953.62
10/22/04,1915.14
10/25/04,1914.04
10/26/04,1928.79
10/27/04,1969.99
10/28/04,1975.74
10/29/04,1974.99
11/1/04,1979.87
11/2/04,1984.79
11/3/04,2004.33
11/4/04,2023.63
11/5/04,2038.94
11/8/04,2039.25
11/9/04,2043.33
11/10/04,2034.56
11/11/04,2061.27
11/12/04,2085.34
11/15/04,2094.09
11/16/04,2078.62
11/17/04,2099.68
11/18/04,2104.28
11/19/04,2070.63
11/22/04,2085.19
11/23/04,2084.28
11/24/04,2102.54
11/25/04,.
11/26/04,2101.97
11/29/04,2106.87
11/30/04,2096.81
12/1/04,2138.23
12/2/04,2143.57
12/3/04,2147.96
12/6/04,2151.25
12/7/04,2114.66
12/8/04,2126.11
12/9/04,2129.01
12/10/04,2128.07
12/13/04,2148.5
12/14/04,2159.84
12/15/04,2162.55
12/16/04,2146.15
12/17/04,2135.2
12/20/04,2127.85
12/21/04,2150.91
12/22/04,2157.03
12/23/04,2160.62
12/24/04,.
12/27/04,2154.22
12/28/04,2177.19
12/29/04,2177
12/30/04,2178.34
12/31/04,2175.44
1/3/05,2152.15
1/4/05,2107.86
1/5/05,2091.24
1/6/05,2090
1/7/05,2088.61
1/10/05,2097.04
1/11/05,2079.62
1/12/05,2092.53
1/13/05,2070.56
1/14/05,2087.91
1/17/05,.
1/18/05,2106.04
1/19/05,2073.59
1/20/05,2045.88
1/21/05,2034.27
1/24/05,2008.7
1/25/05,2019.95
1/26/05,2046.09
1/27/05,2047.15
1/28/05,2035.83
1/31/05,2062.41
2/1/05,2068.7
2/2/05,2075.06
2/3/05,2057.64
2/4/05,2086.66
2/7/05,2082.03
2/8/05,2086.68
2/9/05,2052.55
2/10/05,2053.1
2/11/05,2076.66
2/14/05,2082.91
2/15/05,2089.21
2/16/05,2087.43
2/17/05,2061.34
2/18/05,2058.62
2/21/05,.
2/22/05,2030.32
2/23/05,2031.25
2/24/05,2051.7
2/25/05,2065.4
2/28/05,2051.72
3/1/05,2071.25
3/2/05,2067.5
3/3/05,2058.4
3/4/05,2070.61
3/7/05,2090.21
3/8/05,2073.55
3/9/05,2061.29
3/10/05,2059.72
3/11/05,2041.6
3/14/05,2051.04
3/15/05,2034.98
3/16/05,2015.75
3/17/05,2016.42
3/18/05,2007.79
3/21/05,2007.51
3/22/05,1989.34
3/23/05,1990.22
3/24/05,1991.06
3/25/05,.
3/28/05,1992.52
3/29/05,1973.88
3/30/05,2005.67
3/31/05,1999.23
4/1/05,1984.81
4/4/05,1991.07
4/5/05,1999.32
4/6/05,1999.14
4/7/05,2018.79
4/8/05,1999.35
4/11/05,1992.12
4/12/05,2005.4
4/13/05,1974.37
4/14/05,1946.71
4/15/05,1908.15
4/18/05,1912.92
4/19/05,1932.36
4/20/05,1913.76
4/21/05,1962.41
4/22/05,1932.19
4/25/05,1950.78
4/26/05,1927.44
4/27/05,1930.43
4/28/05,1904.18
4/29/05,1921.65
5/2/05,1928.65
5/3/05,1933.07
5/4/05,1962.23
5/5/05,1961.8
5/6/05,1967.35
5/9/05,1979.67
5/10/05,1962.77
5/11/05,1971.55
5/12/05,1963.88
5/13/05,1976.78
5/16/05,1994.43
5/17/05,2004.15
5/18/05,2030.65
5/19/05,2042.58
5/20/05,2046.42
5/23/05,2056.65
5/24/05,2061.62
5/25/05,2050.12
5/26/05,2071.24
5/27/05,2075.73
5/30/05,.
5/31/05,2068.22
6/1/05,2087.86
6/2/05,2097.8
6/3/05,2071.43
6/6/05,2075.76
6/7/05,2067.16
6/8/05,2060.18
6/9/05,2076.91
6/10/05,2063
6/13/05,2068.96
6/14/05,2069.04
6/15/05,2074.92
6/16/05,2089.15
6/17/05,2090.11
6/20/05,2088.13
6/21/05,2091.07
6/22/05,2092.03
6/23/05,2070.66
6/24/05,2053.27
6/27/05,2045.2
6/28/05,2069.89
6/29/05,2068.89
6/30/05,2056.96
7/1/05,2057.37
7/4/05,.
7/5/05,2078.75
7/6/05,2068.65
7/7/05,2075.66
7/8/05,2112.88
7/11/05,2135.43
7/12/05,2143.15
7/13/05,2144.11
7/14/05,2152.82
7/15/05,2156.78
7/18/05,2144.87
7/19/05,2173.18
7/20/05,2188.57
7/21/05,2178.6
7/22/05,2179.74
7/25/05,2166.74
7/26/05,2175.99
7/27/05,2186.22
7/28/05,2198.44
7/29/05,2184.83
8/1/05,2195.38
8/2/05,2218.15
8/3/05,2216.81
8/4/05,2191.32
8/5/05,2177.91
8/8/05,2164.39
8/9/05,2174.19
8/10/05,2157.81
8/11/05,2174.55
8/12/05,2156.9
8/15/05,2167.04
8/16/05,2137.06
8/17/05,2145.15
8/18/05,2136.08
8/19/05,2135.56
8/22/05,2141.41
8/23/05,2137.25
8/24/05,2128.91
8/25/05,2134.37
8/26/05,2120.77
8/29/05,2137.65
8/30/05,2129.76
8/31/05,2152.09
9/1/05,2147.9
9/2/05,2141.07
9/5/05,.
9/6/05,2166.86
9/7/05,2172.03
9/8/05,2166.03
9/9/05,2175.51
9/12/05,2182.83
9/13/05,2171.75
9/14/05,2149.33
9/15/05,2146.15
9/16/05,2160.35
9/19/05,2145.26
9/20/05,2131.33
9/21/05,2106.64
9/22/05,2110.78
9/23/05,2116.84
9/26/05,2121.46
9/27/05,2116.42
9/28/05,2115.4
9/29/05,2141.22
9/30/05,2151.69
10/3/05,2155.43
10/4/05,2139.36
10/5/05,2103.02
10/6/05,2084.08
10/7/05,2090.35
10/10/05,2078.92
10/11/05,2061.09
10/12/05,2037.47
10/13/05,2047.22
10/14/05,2064.83
10/17/05,2070.3
10/18/05,2056
10/19/05,2091.24
10/20/05,2068.11
10/21/05,2082.21
10/24/05,2115.83
10/25/05,2109.45
10/26/05,2100.05
10/27/05,2063.81
10/28/05,2089.88
10/31/05,2120.3
11/1/05,2114.05
11/2/05,2144.31
11/3/05,2160.22
11/4/05,2169.43
11/7/05,2178.24
11/8/05,2172.07
11/9/05,2175.81
11/10/05,2196.68
11/11/05,2202.47
11/14/05,2200.95
11/15/05,2186.74
11/16/05,2187.93
11/17/05,2220.46
11/18/05,2227.07
11/21/05,2241.67
11/22/05,2253.56
11/23/05,2259.98
11/24/05,.
11/25/05,2263.01
11/28/05,2239.37
11/29/05,2232.71
11/30/05,2232.82
12/1/05,2267.17
12/2/05,2273.37
12/5/05,2257.64
12/6/05,2260.76
12/7/05,2252.01
12/8/05,2246.46
12/9/05,2256.73
12/12/05,2260.95
12/13/05,2265
12/14/05,2262.59
12/15/05,2260.63
12/16/05,2252.48
12/19/05,2222.74
12/20/05,2222.42
12/21/05,2231.66
12/22/05,2246.49
12/23/05,2249.42
12/26/05,.
12/27/05,2226.89
12/28/05,2228.94
12/29/05,2218.16
12/30/05,2205.32
1/2/06,.
1/3/06,2243.74
1/4/06,2263.46
1/5/06,2276.87
1/6/06,2305.62
1/9/06,2318.69
1/10/06,2320.32
1/11/06,2331.36
1/12/06,2316.69
1/13/06,2317.04
1/16/06,.
1/17/06,2302.69
1/18/06,2279.64
1/19/06,2301.81
1/20/06,2247.7
1/23/06,2248.47
1/24/06,2265.25
1/25/06,2260.65
1/26/06,2283
1/27/06,2304.23
1/30/06,2306.78
1/31/06,2305.82
2/1/06,2310.56
2/2/06,2281.57
2/3/06,2262.58
2/6/06,2258.8
2/7/06,2244.96
2/8/06,2266.98
2/9/06,2255.87
2/10/06,2261.88
2/13/06,2239.81
2/14/06,2262.17
2/15/06,2276.43
2/16/06,2294.63
2/17/06,2282.36
2/20/06,.
2/21/06,2262.96
2/22/06,2283.17
2/23/06,2279.32
2/24/06,2287.04
2/27/06,2307.18
2/28/06,2281.39
3/1/06,2314.64
3/2/06,2311.11
3/3/06,2302.6
3/6/06,2286.03
3/7/06,2268.38
3/8/06,2267.46
3/9/06,2249.72
3/10/06,2262.04
3/13/06,2267.03
3/14/06,2295.9
3/15/06,2311.84
3/16/06,2299.56
3/17/06,2306.48
3/20/06,2314.11
3/21/06,2294.23
3/22/06,2303.35
3/23/06,2300.15
3/24/06,2312.82
3/27/06,2315.58
3/28/06,2304.46
3/29/06,2337.78
3/30/06,2340.82
3/31/06,2339.79
4/3/06,2336.74
4/4/06,2345.36
4/5/06,2359.75
4/6/06,2361.17
4/7/06,2339.02
4/10/06,2333.27
4/11/06,2310.35
4/12/06,2314.68
4/13/06,2326.11
4/14/06,.
4/17/06,2311.16
4/18/06,2356.14
4/19/06,2370.88
4/20/06,2362.55
4/21/06,2342.86
4/24/06,2333.38
4/25/06,2330.3
4/26/06,2333.63
4/27/06,2344.95
4/28/06,2322.57
5/1/06,2304.79
5/2/06,2309.84
5/3/06,2303.97
5/4/06,2323.9
5/5/06,2342.57
5/8/06,2344.99
5/9/06,2338.25
5/10/06,2320.74
5/11/06,2272.7
5/12/06,2243.78
5/15/06,2238.52
5/16/06,2229.13
5/17/06,2195.8
5/18/06,2180.32
5/19/06,2193.88
5/22/06,2172.86
5/23/06,2158.76
5/24/06,2169.17
5/25/06,2198.24
5/26/06,2210.37
5/29/06,.
5/30/06,2164.74
5/31/06,2178.88
6/1/06,2219.86
6/2/06,2219.41
6/5/06,2169.62
6/6/06,2162.78
6/7/06,2151.8
6/8/06,2145.32
6/9/06,2135.06
6/12/06,2091.32
6/13/06,2072.47
6/14/06,2086
6/15/06,2144.15
6/16/06,2129.95
6/19/06,2110.42
6/20/06,2107.06
6/21/06,2141.2
6/22/06,2122.98
6/23/06,2121.47
6/26/06,2133.67
6/27/06,2100.25
6/28/06,2111.84
6/29/06,2174.38
6/30/06,2172.09
7/3/06,2190.43
7/4/06,.
7/5/06,2153.34
7/6/06,2155.09
7/7/06,2130.06
7/10/06,2116.93
7/11/06,2128.86
7/12/06,2090.24
7/13/06,2054.11
7/14/06,2037.35
7/17/06,2037.72
7/18/06,2043.22
7/19/06,2080.71
7/20/06,2039.42
7/21/06,2020.39
7/24/06,2061.84
7/25/06,2073.9
7/26/06,2070.46
7/27/06,2054.47
7/28/06,2094.14
7/31/06,2091.47
8/1/06,2061.99
8/2/06,2078.81
8/3/06,2092.34
8/4/06,2085.05
8/7/06,2072.5
8/8/06,2060.85
8/9/06,2060.28
8/10/06,2071.74
8/11/06,2057.71
8/14/06,2069.04
8/15/06,2115.01
8/16/06,2149.54
8/17/06,2157.61
8/18/06,2163.95
8/21/06,2147.75
8/22/06,2150.02
8/23/06,2134.66
8/24/06,2137.11
8/25/06,2140.29
8/28/06,2160.7
8/29/06,2172.3
8/30/06,2185.73
8/31/06,2183.75
9/1/06,2193.16
9/4/06,.
9/5/06,2205.7
9/6/06,2167.84
9/7/06,2155.29
9/8/06,2165.79
9/11/06,2173.25
9/12/06,2215.82
9/13/06,2227.67
9/14/06,2228.73
9/15/06,2235.59
9/18/06,2235.75
9/19/06,2222.37
9/20/06,2252.89
9/21/06,2237.75
9/22/06,2218.93
9/25/06,2249.07
9/26/06,2261.34
9/27/06,2263.39
9/28/06,2270.02
9/29/06,2258.43
10/2/06,2237.6
10/3/06,2243.65
10/4/06,2290.95
10/5/06,2306.34
10/6/06,2299.99
10/9/06,2311.77
10/10/06,2315.43
10/11/06,2308.27
10/12/06,2346.18
10/13/06,2357.29
10/16/06,2363.84
10/17/06,2344.95
10/18/06,2337.15
10/19/06,2340.94
10/20/06,2342.3
10/23/06,2355.56
10/24/06,2344.84
10/25/06,2356.59
10/26/06,2379.1
10/27/06,2350.62
10/30/06,2363.77
10/31/06,2366.71
11/1/06,2334.35
11/2/06,2334.02
11/3/06,2330.79
11/6/06,2365.95
11/7/06,2375.88
11/8/06,2384.94
11/9/06,2376.01
11/10/06,2389.72
11/13/06,2406.38
11/14/06,2430.66
11/15/06,2442.75
11/16/06,2449.06
11/17/06,2445.86
11/20/06,2452.72
11/21/06,2454.84
11/22/06,2465.98
11/23/06,.
11/24/06,2460.26
11/27/06,2405.92
11/28/06,2412.61
11/29/06,2432.23
11/30/06,2431.77
12/1/06,2413.21
12/4/06,2448.39
12/5/06,2452.38
12/6/06,2445.86
12/7/06,2427.69
12/8/06,2437.36
12/11/06,2442.86
12/12/06,2431.6
12/13/06,2432.41
12/14/06,2453.85
12/15/06,2457.2
12/18/06,2435.57
12/19/06,2429.55
12/20/06,2427.61
12/21/06,2415.85
12/22/06,2401.18
12/25/06,.
12/26/06,2413.51
12/27/06,2431.22
12/28/06,2425.57
12/29/06,2415.29
1/1/07,.
1/2/07,.
1/3/07,2423.16
1/4/07,2453.43
1/5/07,2434.25
1/8/07,2438.2
1/9/07,2443.83
1/10/07,2459.33
1/11/07,2484.85
1/12/07,2502.82
1/15/07,.
1/16/07,2497.78
1/17/07,2479.42
1/18/07,2443.21
1/19/07,2451.31
1/22/07,2431.07
1/23/07,2431.41
1/24/07,2466.28
1/25/07,2434.24
1/26/07,2435.49
1/29/07,2441.09
1/30/07,2448.64
1/31/07,2463.93
2/1/07,2468.38
2/2/07,2475.88
2/5/07,2470.6
2/6/07,2471.49
2/7/07,2490.5
2/8/07,2488.67
2/9/07,2459.82
2/12/07,2450.38
2/13/07,2459.88
2/14/07,2488.38
2/15/07,2497.1
2/16/07,2496.31
2/19/07,.
2/20/07,2513.04
2/21/07,2518.42
2/22/07,2524.94
2/23/07,2515.1
2/26/07,2504.52
2/27/07,2407.86
2/28/07,2416.15
3/1/07,2404.21
3/2/07,2368
3/5/07,2340.68
3/6/07,2385.14
3/7/07,2374.64
3/8/07,2387.73
3/9/07,2387.55
3/12/07,2402.29
3/13/07,2350.57
3/14/07,2371.74
3/15/07,2378.7
3/16/07,2372.66
3/19/07,2394.41
3/20/07,2408.21
3/21/07,2455.92
3/22/07,2451.74
3/23/07,2448.93
3/26/07,2455.63
3/27/07,2437.43
3/28/07,2417.1
3/29/07,2417.88
3/30/07,2421.64
4/2/07,2422.26
4/3/07,2450.33
4/4/07,2458.69
4/5/07,2471.34
4/6/07,.
4/9/07,2469.18
4/10/07,2477.61
4/11/07,2459.31
4/12/07,2480.32
4/13/07,2491.94
4/16/07,2518.33
4/17/07,2516.95
4/18/07,2510.5
4/19/07,2505.35
4/20/07,2526.39
4/23/07,2523.67
4/24/07,2524.54
4/25/07,2547.89
4/26/07,2554.46
4/27/07,2557.21
4/30/07,2525.09
5/1/07,2531.53
5/2/07,2557.84
5/3/07,2565.46
5/4/07,2572.15
5/7/07,2570.95
5/8/07,2571.75
5/9/07,2576.34
5/10/07,2533.74
5/11/07,2562.22
5/14/07,2546.44
5/15/07,2525.29
5/16/07,2547.42
5/17/07,2539.38
5/18/07,2558.45
5/21/07,2578.79
5/22/07,2588.02
5/23/07,2577.05
5/24/07,2537.92
5/25/07,2557.19
5/28/07,.
5/29/07,2572.06
5/30/07,2592.59
5/31/07,2604.52
6/1/07,2613.92
6/4/07,2618.29
6/5/07,2611.23
6/6/07,2587.18
6/7/07,2541.38
6/8/07,2573.54
6/11/07,2572.15
6/12/07,2549.77
6/13/07,2582.31
6/14/07,2599.41
6/15/07,2626.71
6/18/07,2626.6
6/19/07,2626.76
6/20/07,2599.96
6/21/07,2616.96
6/22/07,2588.96
6/25/07,2577.08
6/26/07,2574.16
6/27/07,2605.35
6/28/07,2608.37
6/29/07,2603.23
7/2/07,2632.3
7/3/07,2644.95
7/4/07,.
7/5/07,2656.65
7/6/07,2666.51
7/9/07,2670.02
7/10/07,2639.16
7/11/07,2651.79
7/12/07,2701.73
7/13/07,2707
7/16/07,2697.33
7/17/07,2712.29
7/18/07,2699.49
7/19/07,2720.04
7/20/07,2687.6
7/23/07,2690.58
7/24/07,2639.86
7/25/07,2648.17
7/26/07,2599.34
7/27/07,2562.24
7/30/07,2583.28
7/31/07,2546.27
8/1/07,2553.87
8/2/07,2575.98
8/3/07,2511.25
8/6/07,2547.33
8/7/07,2561.6
8/8/07,2612.98
8/9/07,2556.49
8/10/07,2544.89
8/13/07,2542.24
8/14/07,2499.12
8/15/07,2458.83
8/16/07,2451.07
8/17/07,2505.03
8/20/07,2508.59
8/21/07,2521.3
8/22/07,2552.8
8/23/07,2541.7
8/24/07,2576.69
8/27/07,2561.25
8/28/07,2500.64
8/29/07,2563.16
8/30/07,2565.3
8/31/07,2596.36
9/3/07,.
9/4/07,2630.24
9/5/07,2605.95
9/6/07,2614.32
9/7/07,2565.7
9/10/07,2559.11
9/11/07,2597.47
9/12/07,2592.07
9/13/07,2601.06
9/14/07,2602.18
9/17/07,2581.66
9/18/07,2651.66
9/19/07,2666.48
9/20/07,2654.29
9/21/07,2671.22
9/24/07,2667.95
9/25/07,2683.45
9/26/07,2699.03
9/27/07,2709.59
9/28/07,2701.5
10/1/07,2740.99
10/2/07,2747.11
10/3/07,2729.43
10/4/07,2733.57
10/5/07,2780.32
10/8/07,2787.37
10/9/07,2803.91
10/10/07,2811.61
10/11/07,2772.2
10/12/07,2805.68
10/15/07,2780.05
10/16/07,2763.91
10/17/07,2792.67
10/18/07,2799.31
10/19/07,2725.16
10/22/07,2753.93
10/23/07,2799.26
10/24/07,2774.76
10/25/07,2750.86
10/26/07,2804.19
10/29/07,2817.44
10/30/07,2816.71
10/31/07,2859.12
11/1/07,2794.83
11/2/07,2810.38
11/5/07,2795.18
11/6/07,2825.18
11/7/07,2748.76
11/8/07,2696
11/9/07,2627.94
11/12/07,2584.13
11/13/07,2673.65
11/14/07,2644.32
11/15/07,2618.51
11/16/07,2637.24
11/19/07,2593.38
11/20/07,2596.81
11/21/07,2562.15
11/22/07,.
11/23/07,2596.6
11/26/07,2540.99
11/27/07,2580.8
11/28/07,2662.91
11/29/07,2668.13
11/30/07,2660.96
12/3/07,2637.13
12/4/07,2619.83
12/5/07,2666.36
12/6/07,2709.03
12/7/07,2706.16
12/10/07,2718.95
12/11/07,2652.35
12/12/07,2671.14
12/13/07,2668.49
12/14/07,2635.74
12/17/07,2574.46
12/18/07,2596.03
12/19/07,2601.01
12/20/07,2640.86
12/21/07,2691.99
12/24/07,2713.5
12/25/07,.
12/26/07,2724.41
12/27/07,2676.79
12/28/07,2674.46
12/31/07,2652.28
1/1/08,.
1/2/08,2609.63
1/3/08,2602.68
1/4/08,2504.65
1/7/08,2499.46
1/8/08,2440.51
1/9/08,2474.55
1/10/08,2488.52
1/11/08,2439.94
1/14/08,2478.3
1/15/08,2417.59
1/16/08,2394.59
1/17/08,2346.9
1/18/08,2340.02
1/21/08,.
1/22/08,2292.27
1/23/08,2316.41
1/24/08,2360.92
1/25/08,2326.2
1/28/08,2349.91
1/29/08,2358.06
1/30/08,2349
1/31/08,2389.86
2/1/08,2413.36
2/4/08,2382.85
2/5/08,2309.57
2/6/08,2278.75
2/7/08,2293.03
2/8/08,2304.85
2/11/08,2320.06
2/12/08,2320.04
2/13/08,2373.93
2/14/08,2332.54
2/15/08,2321.8
2/18/08,.
2/19/08,2306.2
2/20/08,2327.1
2/21/08,2299.78
2/22/08,2303.35
2/25/08,2327.48
2/26/08,2344.99
2/27/08,2353.78
2/28/08,2331.57
2/29/08,2271.48
3/3/08,2258.6
3/4/08,2260.28
3/5/08,2272.81
3/6/08,2220.5
3/7/08,2212.49
3/10/08,2169.34
3/11/08,2255.76
3/12/08,2243.87
3/13/08,2263.61
3/14/08,2212.49
3/17/08,2177.01
3/18/08,2268.26
3/19/08,2209.96
3/20/08,2258.11
3/21/08,.
3/24/08,2326.75
3/25/08,2341.05
3/26/08,2324.36
3/27/08,2280.83
3/28/08,2261.18
3/31/08,2279.1
4/1/08,2362.75
4/2/08,2361.4
4/3/08,2363.3
4/4/08,2370.98
4/7/08,2364.83
4/8/08,2348.76
4/9/08,2322.12
4/10/08,2351.7
4/11/08,2290.24
4/14/08,2275.82
4/15/08,2286.04
4/16/08,2350.11
4/17/08,2341.83
4/18/08,2402.97
4/21/08,2408.04
4/22/08,2376.94
4/23/08,2405.21
4/24/08,2428.92
4/25/08,2422.93
4/28/08,2424.4
4/29/08,2426.1
4/30/08,2412.8
5/1/08,2480.71
5/2/08,2476.99
5/5/08,2464.12
5/6/08,2483.31
5/7/08,2438.49
5/8/08,2451.24
5/9/08,2445.52
5/12/08,2488.49
5/13/08,2495.12
5/14/08,2496.7
5/15/08,2533.73
5/16/08,2528.85
5/19/08,2516.09
5/20/08,2492.26
5/21/08,2448.27
5/22/08,2464.58
5/23/08,2444.67
5/26/08,.
5/27/08,2481.24
5/28/08,2486.7
5/29/08,2508.32
5/30/08,2522.66
6/2/08,2491.53
6/3/08,2480.48
6/4/08,2503.14
6/5/08,2549.94
6/6/08,2474.56
6/9/08,2459.46
6/10/08,2448.94
6/11/08,2394.01
6/12/08,2404.35
6/13/08,2454.5
6/16/08,2474.78
6/17/08,2457.73
6/18/08,2429.71
6/19/08,2462.06
6/20/08,2406.09
6/23/08,2385.74
6/24/08,2368.28
6/25/08,2401.26
6/26/08,2321.37
6/27/08,2315.63
6/30/08,2292.98
7/1/08,2304.97
7/2/08,2251.46
7/3/08,2245.38
7/4/08,.
7/7/08,2243.32
7/8/08,2294.44
7/9/08,2234.89
7/10/08,2257.85
7/11/08,2239.08
7/14/08,2212.87
7/15/08,2215.71
7/16/08,2284.85
7/17/08,2312.3
7/18/08,2282.78
7/21/08,2279.53
7/22/08,2303.96
7/23/08,2325.88
7/24/08,2280.11
7/25/08,2310.53
7/28/08,2264.22
7/29/08,2319.62
7/30/08,2329.72
7/31/08,2325.55
8/1/08,2310.96
8/4/08,2285.56
8/5/08,2349.83
8/6/08,2378.37
8/7/08,2355.73
8/8/08,2414.1
8/11/08,2439.95
8/12/08,2430.61
8/13/08,2428.62
8/14/08,2453.67
8/15/08,2452.52
8/18/08,2416.98
8/19/08,2384.36
8/20/08,2389.08
8/21/08,2380.38
8/22/08,2414.71
8/25/08,2365.59
8/26/08,2361.97
8/27/08,2382.46
8/28/08,2411.64
8/29/08,2367.52
9/1/08,.
9/2/08,2349.24
9/3/08,2333.73
9/4/08,2259.04
9/5/08,2255.88
9/8/08,2269.76
9/9/08,2209.81
9/10/08,2228.7
9/11/08,2258.22
9/12/08,2261.27
9/15/08,2179.91
9/16/08,2207.9
9/17/08,2098.85
9/18/08,2199.1
9/19/08,2273.9
9/22/08,2178.98
9/23/08,2153.33
9/24/08,2155.68
9/25/08,2186.57
9/26/08,2183.34
9/29/08,1983.73
9/30/08,2082.33
10/1/08,2069.4
10/2/08,1976.72
10/3/08,1947.39
10/6/08,1862.96
10/7/08,1754.88
10/8/08,1740.33
10/9/08,1645.12
10/10/08,1649.51
10/13/08,1844.25
10/14/08,1779.01
10/15/08,1628.33
10/16/08,1717.71
10/17/08,1711.29
10/20/08,1770.03
10/21/08,1696.68
10/22/08,1615.75
10/23/08,1603.91
10/24/08,1552.03
10/27/08,1505.9
10/28/08,1649.47
10/29/08,1657.21
10/30/08,1698.52
10/31/08,1720.95
11/3/08,1726.33
11/4/08,1780.12
11/5/08,1681.64
11/6/08,1608.7
11/7/08,1647.4
11/10/08,1616.74
11/11/08,1580.9
11/12/08,1499.21
11/13/08,1596.7
11/14/08,1516.85
11/17/08,1482.05
11/18/08,1483.27
11/19/08,1386.42
11/20/08,1316.12
11/21/08,1384.35
11/24/08,1472.02
11/25/08,1464.73
11/26/08,1532.1
11/27/08,.
11/28/08,1535.57
12/1/08,1398.07
12/2/08,1449.8
12/3/08,1492.38
12/4/08,1445.56
12/5/08,1509.31
12/8/08,1571.74
12/9/08,1547.34
12/10/08,1565.48
12/11/08,1507.88
12/12/08,1540.72
12/15/08,1508.34
12/16/08,1589.89
12/17/08,1579.31
12/18/08,1552.37
12/19/08,1564.32
12/22/08,1532.35
12/23/08,1521.54
12/24/08,1524.9
12/25/08,.
12/26/08,1530.24
12/29/08,1510.32
12/30/08,1550.7
12/31/08,1577.03
1/1/09,.
1/2/09,1632.21
1/5/09,1628.03
1/6/09,1652.38
1/7/09,1599.06
1/8/09,1617.01
1/9/09,1571.59
1/12/09,1538.79
1/13/09,1546.46
1/14/09,1489.64
1/15/09,1511.84
1/16/09,1529.33
1/19/09,.
1/20/09,1440.86
1/21/09,1507.07
1/22/09,1465.49
1/23/09,1477.29
1/26/09,1489.46
1/27/09,1504.9
1/28/09,1558.34
1/29/09,1507.84
1/30/09,1476.42
2/2/09,1494.43
2/3/09,1516.3
2/4/09,1515.05
2/5/09,1546.24
2/6/09,1591.71
2/9/09,1591.56
2/10/09,1524.73
2/11/09,1530.5
2/12/09,1541.71
2/13/09,1534.36
2/16/09,.
2/17/09,1470.66
2/18/09,1467.97
2/19/09,1442.82
2/20/09,1441.23
2/23/09,1387.72
2/24/09,1441.83
2/25/09,1425.43
2/26/09,1391.47
2/27/09,1377.84
3/2/09,1322.85
3/3/09,1321.01
3/4/09,1353.74
3/5/09,1299.59
3/6/09,1293.85
3/9/09,1268.64
3/10/09,1358.28
3/11/09,1371.64
3/12/09,1426.1
3/13/09,1431.5
3/16/09,1404.02
3/17/09,1462.11
3/18/09,1491.22
3/19/09,1483.48
3/20/09,1457.27
3/23/09,1555.77
3/24/09,1516.52
3/25/09,1528.95
3/26/09,1587
3/27/09,1545.2
3/30/09,1501.8
3/31/09,1528.59
4/1/09,1551.6
4/2/09,1602.63
4/3/09,1621.87
4/6/09,1606.71
4/7/09,1561.61
4/8/09,1590.66
4/9/09,1652.54
4/10/09,.
4/13/09,1653.31
4/14/09,1625.72
4/15/09,1626.8
4/16/09,1670.44
4/17/09,1673.07
4/20/09,1608.21
4/21/09,1643.85
4/22/09,1646.12
4/23/09,1652.21
4/24/09,1694.29
4/27/09,1679.41
4/28/09,1673.81
4/29/09,1711.94
4/30/09,1717.3
5/1/09,1719.2
5/4/09,1763.56
5/5/09,1754.12
5/6/09,1759.1
5/7/09,1716.24
5/8/09,1739
5/11/09,1731.24
5/12/09,1715.92
5/13/09,1664.19
5/14/09,1689.21
5/15/09,1680.14
5/18/09,1732.36
5/19/09,1734.54
5/20/09,1727.84
5/21/09,1695.25
5/22/09,1692.01
5/25/09,.
5/26/09,1750.43
5/27/09,1731.08
5/28/09,1751.79
5/29/09,1774.33
6/1/09,1828.68
6/2/09,1836.8
6/3/09,1825.92
6/4/09,1850.02
6/5/09,1849.42
6/8/09,1842.4
6/9/09,1860.13
6/10/09,1853.08
6/11/09,1862.37
6/12/09,1858.8
6/15/09,1816.38
6/16/09,1796.18
6/17/09,1808.06
6/18/09,1807.72
6/19/09,1827.47
6/22/09,1766.19
6/23/09,1764.92
6/24/09,1792.34
6/25/09,1829.54
6/26/09,1838.22
6/29/09,1844.06
6/30/09,1835.04
7/1/09,1845.72
7/2/09,1796.52
7/3/09,.
7/6/09,1787.4
7/7/09,1746.17
7/8/09,1747.17
7/9/09,1752.55
7/10/09,1756.03
7/13/09,1793.21
7/14/09,1799.73
7/15/09,1862.9
7/16/09,1885.03
7/17/09,1886.61
7/20/09,1909.29
7/21/09,1916.2
7/22/09,1926.38
7/23/09,1973.6
7/24/09,1965.96
7/27/09,1967.89
7/28/09,1975.51
7/29/09,1967.76
7/30/09,1984.3
7/31/09,1978.5
8/3/09,2008.61
8/4/09,2011.31
8/5/09,1993.05
8/6/09,1973.16
8/7/09,2000.25
8/10/09,1992.24
8/11/09,1969.73
8/12/09,1998.72
8/13/09,2009.35
8/14/09,1985.52
8/17/09,1930.84
8/18/09,1955.92
8/19/09,1969.24
8/20/09,1989.22
8/21/09,2020.9
8/24/09,2017.98
8/25/09,2024.23
8/26/09,2024.43
8/27/09,2027.73
8/28/09,2028.77
8/31/09,2009.06
9/1/09,1968.89
9/2/09,1967.07
9/3/09,1983.2
9/4/09,2018.78
9/7/09,.
9/8/09,2037.77
9/9/09,2060.39
9/10/09,2084.02
9/11/09,2080.9
9/14/09,2091.78
9/15/09,2102.64
9/16/09,2133.15
9/17/09,2126.75
9/18/09,2132.86
9/21/09,2138.04
9/22/09,2146.3
9/23/09,2131.42
9/24/09,2107.61
9/25/09,2090.92
9/28/09,2130.74
9/29/09,2124.04
9/30/09,2122.42
10/1/09,2057.48
10/2/09,2048.11
10/5/09,2068.15
10/6/09,2103.57
10/7/09,2110.33
10/8/09,2123.93
10/9/09,2139.28
10/12/09,2139.14
10/13/09,2139.89
10/14/09,2172.23
10/15/09,2173.29
10/16/09,2156.8
10/19/09,2176.32
10/20/09,2163.47
10/21/09,2150.73
10/22/09,2165.29
10/23/09,2154.47
10/26/09,2141.85
10/27/09,2116.09
10/28/09,2059.61
10/29/09,2097.55
10/30/09,2045.11
11/2/09,2049.2
11/3/09,2057.32
11/4/09,2055.52
11/5/09,2105.32
11/6/09,2112.44
11/9/09,2154.06
11/10/09,2151.08
11/11/09,2166.9
11/12/09,2149.02
11/13/09,2167.88
11/16/09,2197.85
11/17/09,2203.78
11/18/09,2193.14
11/19/09,2156.82
11/20/09,2146.04
11/23/09,2176.01
11/24/09,2169.18
11/25/09,2176.05
11/26/09,.
11/27/09,2138.44
11/30/09,2144.6
12/1/09,2175.81
12/2/09,2185.03
12/3/09,2173.14
12/4/09,2194.35
12/7/09,2189.61
12/8/09,2172.99
12/9/09,2183.73
12/10/09,2190.86
12/11/09,2190.31
12/14/09,2212.1
12/15/09,2201.05
12/16/09,2206.91
12/17/09,2180.05
12/18/09,2211.69
12/21/09,2237.66
12/22/09,2252.67
12/23/09,2269.64
12/24/09,2285.69
12/25/09,.
12/28/09,2291.08
12/29/09,2288.4
12/30/09,2291.28
12/31/09,2269.15
1/1/10,.
1/4/10,2308.42
1/5/10,2308.71
1/6/10,2301.09
1/7/10,2300.05
1/8/10,2317.17
1/11/10,2312.41
1/12/10,2282.31
1/13/10,2307.9
1/14/10,2316.74
1/15/10,2287.99
1/18/10,.
1/19/10,2320.4
1/20/10,2291.25
1/21/10,2265.7
1/22/10,2205.29
1/25/10,2210.8
1/26/10,2203.73
1/27/10,2221.41
1/28/10,2179
1/29/10,2147.35
2/1/10,2171.2
2/2/10,2190.06
2/3/10,2190.91
2/4/10,2125.43
2/5/10,2141.12
2/8/10,2126.05
2/9/10,2150.87
2/10/10,2147.87
2/11/10,2177.41
2/12/10,2183.53
2/15/10,.
2/16/10,2214.19
2/17/10,2226.29
2/18/10,2241.71
2/19/10,2243.87
2/22/10,2242.03
2/23/10,2213.44
2/24/10,2235.9
2/25/10,2234.22
2/26/10,2238.26
3/1/10,2273.57
3/2/10,2280.79
3/3/10,2280.68
3/4/10,2292.31
3/5/10,2326.35
3/8/10,2332.21
3/9/10,2340.68
3/10/10,2358.95
3/11/10,2368.46
3/12/10,2367.66
3/15/10,2362.21
3/16/10,2378.01
3/17/10,2389.09
3/18/10,2391.28
3/19/10,2374.41
3/22/10,2395.4
3/23/10,2415.24
3/24/10,2398.76
3/25/10,2397.41
3/26/10,2395.13
3/29/10,2404.36
3/30/10,2410.69
3/31/10,2397.96
4/1/10,2402.58
4/2/10,.
4/5/10,2429.53
4/6/10,2436.81
4/7/10,2431.16
4/8/10,2436.81
4/9/10,2454.05
4/12/10,2457.87
4/13/10,2465.99
4/14/10,2504.86
4/15/10,2515.69
4/16/10,2481.26
4/19/10,2480.11
4/20/10,2500.31
4/21/10,2504.61
4/22/10,2519.07
4/23/10,2530.15
4/26/10,2522.95
4/27/10,2471.47
4/28/10,2471.73
4/29/10,2511.92
4/30/10,2461.19
5/3/10,2498.74
5/4/10,2424.25
5/5/10,2402.29
5/6/10,2319.64
5/7/10,2265.64
5/10/10,2374.67
5/11/10,2375.31
5/12/10,2425.02
5/13/10,2394.36
5/14/10,2346.85
5/17/10,2354.23
5/18/10,2317.26
5/19/10,2298.37
5/20/10,2204.01
5/21/10,2229.04
5/24/10,2213.55
5/25/10,2210.95
5/26/10,2195.88
5/27/10,2277.68
5/28/10,2257.04
5/31/10,.
6/1/10,2222.33
6/2/10,2281.07
6/3/10,2303.03
6/4/10,2219.17
6/7/10,2173.9
6/8/10,2170.57
6/9/10,2158.85
6/10/10,2218.71
6/11/10,2243.6
6/14/10,2243.96
6/15/10,2305.88
6/16/10,2305.93
6/17/10,2307.16
6/18/10,2309.8
6/21/10,2289.09
6/22/10,2261.8
6/23/10,2254.23
6/24/10,2217.42
6/25/10,2223.48
6/28/10,2220.65
6/29/10,2135.18
6/30/10,2109.24
7/1/10,2101.36
7/2/10,2091.79
7/5/10,.
7/6/10,2093.88
7/7/10,2159.47
7/8/10,2175.4
7/9/10,2196.45
7/12/10,2198.36
7/13/10,2242.03
7/14/10,2249.84
7/15/10,2249.08
7/16/10,2179.05
7/19/10,2198.23
7/20/10,2222.49
7/21/10,2187.33
7/22/10,2245.89
7/23/10,2269.47
7/26/10,2296.43
7/27/10,2288.25
7/28/10,2264.56
7/29/10,2251.69
7/30/10,2254.7
8/2/10,2295.36
8/3/10,2283.52
8/4/10,2303.57
8/5/10,2293.06
8/6/10,2288.47
8/9/10,2305.69
8/10/10,2277.17
8/11/10,2208.63
8/12/10,2190.27
8/13/10,2173.48
8/16/10,2181.87
8/17/10,2209.44
8/18/10,2215.7
8/19/10,2178.95
8/20/10,2179.76
8/23/10,2159.63
8/24/10,2123.76
8/25/10,2141.54
8/26/10,2118.69
8/27/10,2153.63
8/30/10,2119.97
8/31/10,2114.03
9/1/10,2176.84
9/2/10,2200.01
9/3/10,2233.75
9/6/10,.
9/7/10,2208.89
9/8/10,2228.87
9/9/10,2236.2
9/10/10,2242.48
9/13/10,2285.71
9/14/10,2289.77
9/15/10,2301.32
9/16/10,2303.25
9/17/10,2315.61
9/20/10,2355.83
9/21/10,2349.35
9/22/10,2334.55
9/23/10,2327.08
9/24/10,2381.22
9/27/10,2369.77
9/28/10,2379.59
9/29/10,2376.56
9/30/10,2368.62
10/1/10,2370.75
10/4/10,2344.52
10/5/10,2399.83
10/6/10,2380.66
10/7/10,2383.67
10/8/10,2401.91
10/11/10,2402.33
10/12/10,2417.92
10/13/10,2441.23
10/14/10,2435.38
10/15/10,2468.77
10/18/10,2480.66
10/19/10,2436.95
10/20/10,2457.39
10/21/10,2459.67
10/22/10,2479.39
10/25/10,2490.85
10/26/10,2497.29
10/27/10,2503.26
10/28/10,2507.37
10/29/10,2507.41
11/1/10,2504.84
11/2/10,2533.52
11/3/10,2540.27
11/4/10,2577.34
11/5/10,2578.98
11/8/10,2580.05
11/9/10,2562.98
11/10/10,2578.78
11/11/10,2555.52
11/12/10,2518.21
11/15/10,2513.82
11/16/10,2469.84
11/17/10,2476.01
11/18/10,2514.4
11/19/10,2518.12
11/22/10,2532.02
11/23/10,2494.95
11/24/10,2543.12
11/25/10,.
11/26/10,2534.56
11/29/10,2525.22
11/30/10,2498.23
12/1/10,2549.43
12/2/10,2579.35
12/3/10,2591.46
12/6/10,2594.92
12/7/10,2598.49
12/8/10,2609.16
12/9/10,2616.67
12/10/10,2637.54
12/13/10,2624.91
12/14/10,2627.72
12/15/10,2617.22
12/16/10,2637.31
12/17/10,2642.97
12/20/10,2649.56
12/21/10,2667.61
12/22/10,2671.48
12/23/10,2665.6
12/24/10,.
12/27/10,2667.27
12/28/10,2662.88
12/29/10,2666.93
12/30/10,2662.98
12/31/10,2652.87
1/3/11,2691.52
1/4/11,2681.25
1/5/11,2702.2
1/6/11,2709.89
1/7/11,2703.17
1/10/11,2707.8
1/11/11,2716.83
1/12/11,2737.33
1/13/11,2735.29
1/14/11,2755.3
1/17/11,.
1/18/11,2765.85
1/19/11,2725.36
1/20/11,2704.29
1/21/11,2689.54
1/24/11,2717.55
1/25/11,2719.25
1/26/11,2739.5
1/27/11,2755.28
1/28/11,2686.89
1/31/11,2700.08
2/1/11,2751.19
2/2/11,2749.56
2/3/11,2753.88
2/4/11,2769.3
2/7/11,2783.99
2/8/11,2797.05
2/9/11,2789.07
2/10/11,2790.45
2/11/11,2809.44
2/14/11,2817.18
2/15/11,2804.35
2/16/11,2825.56
2/17/11,2831.58
2/18/11,2833.95
2/21/11,.
2/22/11,2756.42
2/23/11,2722.99
2/24/11,2737.9
2/25/11,2781.05
2/28/11,2782.27
3/1/11,2737.41
3/2/11,2748.07
3/3/11,2798.74
3/4/11,2784.67
3/7/11,2745.63
3/8/11,2765.77
3/9/11,2751.72
3/10/11,2701.02
3/11/11,2715.61
3/14/11,2700.97
3/15/11,2667.33
3/16/11,2616.82
3/17/11,2636.05
3/18/11,2643.67
3/21/11,2692.09
3/22/11,2683.87
3/23/11,2698.3
3/24/11,2736.42
3/25/11,2743.06
3/28/11,2730.68
3/29/11,2756.89
3/30/11,2776.79
3/31/11,2781.07
4/1/11,2789.6
4/4/11,2789.19
4/5/11,2791.19
4/6/11,2799.82
4/7/11,2796.14
4/8/11,2780.42
4/11/11,2771.51
4/12/11,2744.79
4/13/11,2761.52
4/14/11,2760.22
4/15/11,2764.65
4/18/11,2735.38
4/19/11,2744.97
4/20/11,2802.51
4/21/11,2820.16
4/22/11,.
4/25/11,2825.88
4/26/11,2847.54
4/27/11,2869.88
4/28/11,2872.53
4/29/11,2873.54
5/2/11,2864.08
5/3/11,2841.62
5/4/11,2828.23
5/5/11,2814.72
5/6/11,2827.56
5/9/11,2843.25
5/10/11,2871.89
5/11/11,2845.06
5/12/11,2863.04
5/13/11,2828.47
5/16/11,2782.31
5/17/11,2783.21
5/18/11,2815
5/19/11,2823.31
5/20/11,2803.32
5/23/11,2758.9
5/24/11,2746.16
5/25/11,2761.38
5/26/11,2782.92
5/27/11,2796.86
5/30/11,.
5/31/11,2835.3
6/1/11,2769.19
6/2/11,2773.31
6/3/11,2732.78
6/6/11,2702.56
6/7/11,2701.56
6/8/11,2675.38
6/9/11,2684.87
6/10/11,2643.73
6/13/11,2639.69
6/14/11,2678.72
6/15/11,2631.46
6/16/11,2623.7
6/17/11,2616.48
6/20/11,2629.66
6/21/11,2687.26
6/22/11,2669.19
6/23/11,2686.75
6/24/11,2652.89
6/27/11,2688.28
6/28/11,2729.31
6/29/11,2740.49
6/30/11,2773.52
7/1/11,2816.03
7/4/11,.
7/5/11,2825.77
7/6/11,2834.02
7/7/11,2872.66
7/8/11,2859.81
7/11/11,2802.62
7/12/11,2781.91
7/13/11,2796.92
7/14/11,2762.67
7/15/11,2789.8
7/18/11,2765.11
7/19/11,2826.52
7/20/11,2814.23
7/21/11,2834.43
7/22/11,2858.83
7/25/11,2842.8
7/26/11,2839.96
7/27/11,2764.79
7/28/11,2766.25
7/29/11,2756.38
8/1/11,2744.61
8/2/11,2669.24
8/3/11,2693.07
8/4/11,2556.39
8/5/11,2532.41
8/8/11,2357.69
8/9/11,2482.52
8/10/11,2381.05
8/11/11,2492.68
8/12/11,2507.98
8/15/11,2555.2
8/16/11,2523.45
8/17/11,2511.48
8/18/11,2380.43
8/19/11,2341.84
8/22/11,2345.38
8/23/11,2446.06
8/24/11,2467.69
8/25/11,2419.63
8/26/11,2479.85
8/29/11,2562.11
8/30/11,2576.11
8/31/11,2579.46
9/1/11,2546.04
9/2/11,2480.33
9/5/11,.
9/6/11,2473.83
9/7/11,2548.94
9/8/11,2529.14
9/9/11,2467.99
9/12/11,2495.09
9/13/11,2532.15
9/14/11,2572.55
9/15/11,2607.07
9/16/11,2622.31
9/19/11,2612.83
9/20/11,2590.24
9/21/11,2538.19
9/22/11,2455.67
9/23/11,2483.23
9/26/11,2516.69
9/27/11,2546.83
9/28/11,2491.58
9/29/11,2480.76
9/30/11,2415.4
10/3/11,2335.83
10/4/11,2404.82
10/5/11,2460.51
10/6/11,2506.82
10/7/11,2479.35
10/10/11,2566.05
10/11/11,2583.03
10/12/11,2604.73
10/13/11,2620.24
10/14/11,2667.85
10/17/11,2614.92
10/18/11,2657.43
10/19/11,2604.04
10/20/11,2598.62
10/21/11,2637.46
10/24/11,2699.44
10/25/11,2638.42
10/26/11,2650.67
10/27/11,2738.63
10/28/11,2737.15
10/31/11,2684.41
11/1/11,2606.96
11/2/11,2639.98
11/3/11,2697.97
11/4/11,2686.15
11/7/11,2695.25
11/8/11,2727.49
11/9/11,2621.65
11/10/11,2625.15
11/11/11,2678.75
11/14/11,2657.22
11/15/11,2686.2
11/16/11,2639.61
11/17/11,2587.99
11/18/11,2572.5
11/21/11,2523.14
11/22/11,2521.28
11/23/11,2460.08
11/24/11,.
11/25/11,2441.51
11/28/11,2527.34
11/29/11,2515.51
11/30/11,2620.34
12/1/11,2626.2
12/2/11,2626.93
12/5/11,2655.76
12/6/11,2649.56
12/7/11,2649.21
12/8/11,2596.38
12/9/11,2646.85
12/12/11,2612.26
12/13/11,2579.27
12/14/11,2539.31
12/15/11,2541.01
12/16/11,2555.33
12/19/11,2523.14
12/20/11,2603.73
12/21/11,2577.97
12/22/11,2599.45
12/23/11,2618.64
12/26/11,.
12/27/11,2625.2
12/28/11,2589.98
12/29/11,2613.74
12/30/11,2605.15
1/2/12,.
1/3/12,2648.72
1/4/12,2648.36
1/5/12,2669.86
1/6/12,2674.22
1/9/12,2676.56
1/10/12,2702.5
1/11/12,2710.76
1/12/12,2724.7
1/13/12,2710.67
1/16/12,.
1/17/12,2728.08
1/18/12,2769.71
1/19/12,2788.33
1/20/12,2786.7
1/23/12,2784.17
1/24/12,2786.64
1/25/12,2818.31
1/26/12,2805.28
1/27/12,2816.55
1/30/12,2811.94
1/31/12,2813.84
2/1/12,2848.27
2/2/12,2859.68
2/3/12,2905.66
2/6/12,2901.99
2/7/12,2904.08
2/8/12,2915.86
2/9/12,2927.23
2/10/12,2903.88
2/13/12,2931.39
2/14/12,2931.83
2/15/12,2915.83
2/16/12,2959.85
2/17/12,2951.78
2/20/12,.
2/21/12,2948.57
2/22/12,2933.17
2/23/12,2956.98
2/24/12,2963.75
2/27/12,2966.16
2/28/12,2986.76
2/29/12,2966.89
3/1/12,2988.97
3/2/12,2976.19
3/5/12,2950.48
3/6/12,2910.32
3/7/12,2935.69
3/8/12,2970.42
3/9/12,2988.34
3/12/12,2983.66
3/13/12,3039.88
3/14/12,3040.73
3/15/12,3056.37
3/16/12,3055.26
3/19/12,3078.32
3/20/12,3074.15
3/21/12,3075.32
3/22/12,3063.32
3/23/12,3067.92
3/26/12,3122.57
3/27/12,3120.35
3/28/12,3104.96
3/29/12,3095.36
3/30/12,3091.57
4/2/12,3119.7
4/3/12,3113.57
4/4/12,3068.09
4/5/12,3080.5
4/6/12,.
4/9/12,3047.08
4/10/12,2991.22
4/11/12,3016.46
4/12/12,3055.55
4/13/12,3011.33
4/16/12,2988.4
4/17/12,3042.82
4/18/12,3031.45
4/19/12,3007.56
4/20/12,3000.45
4/23/12,2970.45
4/24/12,2961.6
4/25/12,3029.63
4/26/12,3050.61
4/27/12,3069.2
4/30/12,3046.36
5/1/12,3050.44
5/2/12,3059.85
5/3/12,3024.3
5/4/12,2956.34
5/7/12,2957.76
5/8/12,2946.27
5/9/12,2934.71
5/10/12,2933.64
5/11/12,2933.82
5/14/12,2902.58
5/15/12,2893.76
5/16/12,2874.04
5/17/12,2813.69
5/18/12,2778.79
5/21/12,2847.21
5/22/12,2839.08
5/23/12,2850.12
5/24/12,2839.38
5/25/12,2837.53
5/28/12,.
5/29/12,2870.99
5/30/12,2837.36
5/31/12,2827.34
6/1/12,2747.48
6/4/12,2760.01
6/5/12,2778.11
6/6/12,2844.72
6/7/12,2831.02
6/8/12,2858.42
6/11/12,2809.73
6/12/12,2843.07
6/13/12,2818.61
6/14/12,2836.33
6/15/12,2872.8
6/18/12,2895.33
6/19/12,2929.76
6/20/12,2930.45
6/21/12,2859.09
6/22/12,2892.42
6/25/12,2836.17
6/26/12,2854.06
6/27/12,2875.32
6/28/12,2849.49
6/29/12,2935.06
7/2/12,2951.24
7/3/12,2976.09
7/4/12,.
7/5/12,2976.12
7/6/12,2937.33
7/9/12,2931.77
7/10/12,2902.34
7/11/12,2887.99
7/12/12,2866.19
7/13/12,2908.47
7/16/12,2896.94
7/17/12,2910.04
7/18/12,2942.6
7/19/12,2965.9
7/20/12,2925.3
7/23/12,2890.15
7/24/12,2862.99
7/25/12,2854.24
7/26/12,2893.25
7/27/12,2958.09
7/30/12,2945.84
7/31/12,2939.52
8/1/12,2920.21
8/2/12,2909.77
8/3/12,2967.9
8/6/12,2989.91
8/7/12,3015.86
8/8/12,3011.25
8/9/12,3018.64
8/10/12,3020.86
8/13/12,3022.52
8/14/12,3016.98
8/15/12,3030.93
8/16/12,3062.39
8/17/12,3076.59
8/20/12,3076.21
8/21/12,3067.26
8/22/12,3073.67
8/23/12,3053.4
8/24/12,3069.79
8/27/12,3073.19
8/28/12,3077.14
8/29/12,3081.19
8/30/12,3048.71
8/31/12,3066.96
9/3/12,.
9/4/12,3075.06
9/5/12,3069.27
9/6/12,3135.81
9/7/12,3136.42
9/10/12,3104.02
9/11/12,3104.53
9/12/12,3114.31
9/13/12,3155.83
9/14/12,3183.95
9/17/12,3178.67
9/18/12,3177.8
9/19/12,3182.62
9/20/12,3175.96
9/21/12,3179.96
9/24/12,3160.78
9/25/12,3117.73
9/26/12,3093.7
9/27/12,3136.6
9/28/12,3116.23
10/1/12,3113.53
10/2/12,3120.04
10/3/12,3135.23
10/4/12,3149.46
10/5/12,3136.19
10/8/12,3112.35
10/9/12,3065.02
10/10/12,3051.78
10/11/12,3049.41
10/12/12,3044.11
10/15/12,3064.18
10/16/12,3101.17
10/17/12,3104.12
10/18/12,3072.87
10/19/12,3005.62
10/22/12,3016.96
10/23/12,2990.46
10/24/12,2981.7
10/25/12,2986.12
10/26/12,2987.95
10/29/12,.
10/30/12,.
10/31/12,2977.23
11/1/12,3020.06
11/2/12,2982.13
11/5/12,2999.66
11/6/12,3011.93
11/7/12,2937.29
11/8/12,2895.58
11/9/12,2904.87
11/12/12,2904.26
11/13/12,2883.89
11/14/12,2846.81
11/15/12,2836.94
11/16/12,2853.13
11/19/12,2916.07
11/20/12,2916.68
11/21/12,2926.55
11/22/12,.
11/23/12,2966.85
11/26/12,2976.78
11/27/12,2967.79
11/28/12,2991.78
11/29/12,3012.03
11/30/12,3010.24
12/3/12,3002.2
12/4/12,2996.69
12/5/12,2973.7
12/6/12,2989.27
12/7/12,2978.04
12/10/12,2986.96
12/11/12,3022.3
12/12/12,3013.81
12/13/12,2992.16
12/14/12,2971.33
12/17/12,3010.6
12/18/12,3054.53
12/19/12,3044.36
12/20/12,3050.39
12/21/12,3021.01
12/24/12,3012.6
12/25/12,.
12/26/12,2990.16
12/27/12,2985.91
12/28/12,2960.31
12/31/12,3019.51
1/1/13,.
1/2/13,3112.26
1/3/13,3100.57
1/4/13,3101.66
1/7/13,3098.81
1/8/13,3091.81
1/9/13,3105.81
1/10/13,3121.76
1/11/13,3125.63
1/14/13,3117.5
1/15/13,3110.78
1/16/13,3117.54
1/17/13,3136
1/18/13,3134.71
1/21/13,.
1/22/13,3143.18
1/23/13,3153.67
1/24/13,3130.38
1/25/13,3149.71
1/28/13,3154.3
1/29/13,3153.66
1/30/13,3142.31
1/31/13,3142.13
2/1/13,3179.1
2/4/13,3131.17
2/5/13,3171.58
2/6/13,3168.48
2/7/13,3165.13
2/8/13,3193.87
2/11/13,3192
2/12/13,3186.49
2/13/13,3196.88
2/14/13,3198.66
2/15/13,3192.03
2/18/13,.
2/19/13,3213.59
2/20/13,3164.41
2/21/13,3131.49
2/22/13,3161.82
2/25/13,3116.25
2/26/13,3129.65
2/27/13,3162.26
2/28/13,3160.19
3/1/13,3169.74
3/4/13,3182.03
3/5/13,3224.13
3/6/13,3222.37
3/7/13,3232.09
3/8/13,3244.37
3/11/13,3252.87
3/12/13,3242.32
3/13/13,3245.12
3/14/13,3258.93
3/15/13,3249.07
3/18/13,3237.59
3/19/13,3229.1
3/20/13,3254.19
3/21/13,3222.6
3/22/13,3245
3/25/13,3235.3
3/26/13,3252.48
3/27/13,3256.52
3/28/13,3267.52
3/29/13,.
4/1/13,3239.17
4/2/13,3254.86
4/3/13,3218.6
4/4/13,3224.98
4/5/13,3203.86
4/8/13,3222.25
4/9/13,3237.86
4/10/13,3297.25
4/11/13,3300.16
4/12/13,3294.95
4/15/13,3216.49
4/16/13,3264.63
4/17/13,3204.67
4/18/13,3166.36
4/19/13,3206.06
4/22/13,3233.55
4/23/13,3269.33
4/24/13,3269.65
4/25/13,3289.99
4/26/13,3279.26
4/29/13,3307.02
4/30/13,3328.79
5/1/13,3299.13
5/2/13,3340.62
5/3/13,3378.63
5/6/13,3392.97
5/7/13,3396.63
5/8/13,3413.27
5/9/13,3409.17
5/10/13,3436.58
5/13/13,3438.79
5/14/13,3462.61
5/15/13,3471.62
5/16/13,3465.24
5/17/13,3498.97
5/20/13,3496.43
5/21/13,3502.12
5/22/13,3463.3
5/23/13,3459.42
5/24/13,3459.14
5/27/13,.
5/28/13,3488.89
5/29/13,3467.52
5/30/13,3491.3
5/31/13,3455.91
6/3/13,3465.37
6/4/13,3445.26
6/5/13,3401.48
6/6/13,3424.05
6/7/13,3469.22
6/10/13,3473.77
6/11/13,3436.95
6/12/13,3400.43
6/13/13,3445.37
6/14/13,3423.56
6/17/13,3452.13
6/18/13,3482.18
6/19/13,3443.2
6/20/13,3364.63
6/21/13,3357.25
6/24/13,3320.76
6/25/13,3347.89
6/26/13,3376.22
6/27/13,3401.86
6/28/13,3403.25
7/1/13,3434.49
7/2/13,3433.4
7/3/13,3443.67
7/4/13,.
7/5/13,3479.38
7/8/13,3484.83
7/9/13,3504.26
7/10/13,3520.76
7/11/13,3578.3
7/12/13,3600.08
7/15/13,3607.49
7/16/13,3598.5
7/17/13,3610
7/18/13,3611.28
7/19/13,3587.61
7/22/13,3600.39
7/23/13,3579.27
7/24/13,3579.6
7/25/13,3605.19
7/26/13,3613.16
7/29/13,3599.14
7/30/13,3616.47
7/31/13,3626.37
8/1/13,3675.74
8/2/13,3689.59
8/5/13,3692.95
8/6/13,3665.77
8/7/13,3654.01
8/8/13,3669.12
8/9/13,3660.11
8/12/13,3669.95
8/13/13,3684.44
8/14/13,3669.27
8/15/13,3606.12
8/16/13,3602.78
8/19/13,3589.09
8/20/13,3613.59
8/21/13,3599.79
8/22/13,3638.71
8/23/13,3657.79
8/26/13,3657.57
8/27/13,3578.52
8/28/13,3593.35
8/29/13,3620.3
8/30/13,3589.87
9/2/13,.
9/3/13,3612.61
9/4/13,3649.04
9/5/13,3658.78
9/6/13,3660.01
9/9/13,3706.18
9/10/13,3729.02
9/11/13,3725.01
9/12/13,3715.97
9/13/13,3722.18
9/16/13,3717.85
9/17/13,3745.7
9/18/13,3783.64
9/19/13,3789.38
9/20/13,3774.73
9/23/13,3765.29
9/24/13,3768.25
9/25/13,3761.1
9/26/13,3787.43
9/27/13,3781.59
9/30/13,3771.48
10/1/13,3817.98
10/2/13,3815.02
10/3/13,3774.34
10/4/13,3807.75
10/7/13,3770.38
10/8/13,3694.83
10/9/13,3677.78
10/10/13,3760.75
10/11/13,3791.87
10/14/13,3815.27
10/15/13,3794.01
10/16/13,3839.43
10/17/13,3863.15
10/18/13,3914.28
10/21/13,3920.05
10/22/13,3929.57
10/23/13,3907.07
10/24/13,3928.96
10/25/13,3943.36
10/28/13,3940.13
10/29/13,3952.34
10/30/13,3930.62
10/31/13,3919.71
11/1/13,3922.04
11/4/13,3936.59
11/5/13,3939.86
11/6/13,3931.95
11/7/13,3857.33
11/8/13,3919.23
11/11/13,3919.79
11/12/13,3919.92
11/13/13,3965.58
11/14/13,3972.74
11/15/13,3985.97
11/18/13,3949.07
11/19/13,3931.55
11/20/13,3921.27
11/21/13,3969.15
11/22/13,3991.65
11/25/13,3994.57
11/26/13,4017.75
11/27/13,4044.75
11/28/13,.
11/29/13,4059.89
12/2/13,4045.26
12/3/13,4037.2
12/4/13,4038
12/5/13,4033.16
12/6/13,4062.52
12/9/13,4068.75
12/10/13,4060.49
12/11/13,4003.81
12/12/13,3998.4
12/13/13,4000.98
12/16/13,4029.52
12/17/13,4023.68
12/18/13,4070.06
12/19/13,4058.13
12/20/13,4104.74
12/23/13,4148.9
12/24/13,4155.42
12/25/13,.
12/26/13,4167.18
12/27/13,4156.59
12/30/13,4154.2
12/31/13,4176.59
1/1/14,.